"repo_name","pr_closed_decred","pr_closed_other","pr_closed_internal","pr_merged_decred","pr_merged_internal","pr_merged_other","pr_commits","pr_additions","pr_deletions","forked","pushes","firstevent","lastevent","duration","durationdays","dcr_pr_merged","dcr_pr_commits","dcr_pr_additions","dcr_pr_deletions"
"jrick/RFPs",0,0,0,0,0,0,0,0,0,1,12,"2016-02-15 23:05:05 UTC","2016-02-16 01:52:18 UTC",10033,0.23224537037037,0,2,164,0
"jolan/haste",0,0,0,0,0,0,0,0,0,1,28,"2016-08-01 16:46:21 UTC","2016-08-10 18:27:42 UTC",783681,18.1407638888889,2,4,824,50
"ByronAP/dcrd",0,0,0,0,0,0,0,0,0,1,1,"2016-02-12 14:27:36 UTC","2016-03-06 00:12:54 UTC",1935918,44.8129166666667,NA,NA,NA,NA
"wolf9466/cgminer",0,0,0,0,0,0,0,0,0,1,1,"2016-01-28 05:47:46 UTC","2016-02-10 05:21:06 UTC",1121600,25.962962962963,0,2,52,58
"jcvernaleo/dcrdocs",0,0,0,0,0,0,0,0,0,0,18,"2016-05-13 13:19:57 UTC","2017-07-20 20:28:23 UTC",37436906,866.595046296296,32,66,16466,86271
"alexlyp/dcrstakepool",0,0,0,0,0,0,0,0,0,0,6,"2016-11-10 16:05:33 UTC","2016-11-11 16:38:20 UTC",88367,2.04553240740741,1,15,972,139
"underscoreingsoc/dcrdocs",0,0,0,0,0,0,0,0,0,0,4,"2016-05-13 13:26:11 UTC","2017-06-19 16:10:15 UTC",34742644,804.22787037037,1,4,78,24
"SG-O/dcrd",0,0,0,0,0,0,0,0,0,0,3,"2016-02-25 02:04:04 UTC","2016-02-25 16:43:27 UTC",52763,1.22136574074074,1,2,2,2
"jolan/RFPs",0,0,0,0,0,0,0,0,0,0,9,"2016-02-26 15:59:46 UTC","2016-02-26 20:15:52 UTC",15366,0.355694444444444,1,11,228,0
"jolan/dcrd",0,0,0,0,0,0,0,0,0,0,29,"2016-04-20 14:56:13 UTC","2017-12-16 15:55:10 UTC",52279137,1210.16520833333,26,52,222,130
"dajohi/RFPs",0,0,0,0,0,0,0,0,0,0,3,"2016-03-23 18:47:43 UTC","2016-03-23 19:50:43 UTC",3780,0.0875,2,4,128,2
"raedah/dcrd",0,0,0,0,0,0,0,0,0,0,1,"2016-05-01 16:46:51 UTC","2016-05-01 16:46:51 UTC",0,0,1,2,6,4
"Kefkius/dcrd",0,0,0,0,0,0,0,0,0,0,2,"2016-02-09 17:00:23 UTC","2016-06-09 17:04:17 UTC",10451034,241.922083333333,1,4,2,98
"Reiuiji/dcrd",0,0,0,0,0,0,0,0,0,0,6,"2016-04-11 04:07:07 UTC","2016-04-13 18:23:14 UTC",224167,5.18905092592593,1,7,33,0
"alexlyp/RFPs",0,0,0,0,0,0,0,0,0,0,6,"2016-06-09 18:55:41 UTC","2016-06-23 13:29:22 UTC",1190021,27.5467824074074,4,9,226,6
"alexlyp/dcrd",0,0,0,0,0,0,0,0,0,0,125,"2016-02-11 15:38:11 UTC","2018-05-03 18:36:46 UTC",70163915,1624.16469907407,44,281,6430,4012
"chappjc/dcrd",1,0,0,1,0,0,150,14860,8378,0,30,"2016-05-27 23:48:50 UTC","2018-12-08 00:50:56 UTC",79840926,1848.16958333333,10,32,444,68
"gdapps/copay",0,0,0,0,0,0,0,0,0,0,2,"2016-03-08 19:02:47 UTC","2016-03-08 23:38:28 UTC",16541,0.382893518518518,NA,NA,NA,NA
"jolan/dcrweb",0,0,0,0,0,0,0,0,0,0,91,"2016-06-13 13:44:48 UTC","2017-10-10 16:47:48 UTC",41828580,968.254166666667,38,78,1863,1500
"jzbz/insight",0,0,0,0,0,0,0,0,0,0,1,"2016-02-21 21:36:08 UTC","2016-02-22 13:40:06 UTC",57838,1.33884259259259,1,2,2,2
"alexlyp/copay",0,0,0,0,0,0,0,0,0,0,23,"2016-02-23 22:29:33 UTC","2017-02-22 20:39:51 UTC",31529418,729.847638888889,8,3328,16699,8303
"jolan/ccminer",0,0,0,0,0,0,0,0,0,0,6,"2016-04-25 21:48:16 UTC","2016-07-28 18:14:49 UTC",8108793,187.703541666667,4,146,20444,5232
"jolan/cgminer",0,0,0,0,0,0,0,0,0,0,3,"2016-04-26 22:06:29 UTC","2016-04-27 14:31:11 UTC",59082,1.36763888888889,1,5,171,0
"jolan/dcrdocs",0,0,0,0,0,0,0,0,0,0,12,"2016-05-13 17:36:29 UTC","2017-08-18 19:56:48 UTC",39925219,924.194884259259,5,11,6156,5063
"jolan/gominer",0,0,0,0,0,0,0,0,0,0,196,"2016-06-14 16:02:20 UTC","2017-04-24 14:32:10 UTC",27124190,627.874768518519,25,94,24225,1147
"jrick/dcrdocs",0,0,0,0,0,0,0,0,0,0,1,"2016-08-15 14:25:13 UTC","2016-08-15 15:06:50 UTC",2497,0.0578009259259259,1,2,176,48
"jrick/gominer",0,0,0,0,0,0,0,0,0,0,35,"2016-09-07 21:48:38 UTC","2016-09-17 12:22:42 UTC",830044,19.2139814814815,1,2,2,2
"5qu4r3/bitcore",0,0,0,0,0,0,0,0,0,0,2,"2016-03-27 18:26:58 UTC","2016-03-28 07:41:19 UTC",47661,1.10326388888889,NA,NA,NA,NA
"5qu4r3/insight",0,0,0,0,0,0,0,0,0,0,5,"2016-03-26 12:04:20 UTC","2016-03-28 07:39:44 UTC",153324,3.54916666666667,NA,NA,NA,NA
"Dyrk/dcrwallet",0,0,0,0,0,0,0,0,0,0,7,"2016-11-24 18:20:06 UTC","2017-06-06 09:46:28 UTC",16727182,387.203287037037,NA,NA,NA,NA
"Fsig/decredweb",0,0,0,0,0,0,0,0,0,0,4,"2016-05-06 14:43:40 UTC","2016-05-07 02:31:28 UTC",42468,0.983055555555556,1,7,2564,39890
"colt05/insight",0,0,0,0,0,0,0,0,0,0,1,"2016-03-05 16:34:00 UTC","2016-03-05 16:34:00 UTC",0,0,NA,NA,NA,NA
"dajohi/gominer",0,0,0,0,0,0,0,0,0,0,34,"2016-08-31 14:46:19 UTC","2018-10-05 16:33:28 UTC",66102429,1530.14881944444,12,31,842,631
"dajohi/insight",0,0,0,0,0,0,0,0,0,0,3,"2016-02-18 16:31:55 UTC","2017-02-28 17:26:24 UTC",32489669,752.075671296296,3,6,18,2
"girino/dcrdocs",0,0,0,0,0,0,0,0,0,0,1,"2016-07-04 04:11:06 UTC","2016-07-04 04:11:06 UTC",0,0,1,2,2,2
"jzbz/dcrwallet",0,0,0,0,0,0,0,0,0,0,1,"2016-11-16 22:22:51 UTC","2016-11-16 22:30:48 UTC",477,0.0110416666666667,1,2,2,2
"alexlyp/bitcore",0,0,0,0,0,0,0,0,0,0,3,"2016-06-08 14:36:25 UTC","2017-06-26 21:57:23 UTC",33117658,766.612453703704,4,321,4869,2513
"alexlyp/dcrutil",0,0,0,0,0,0,0,0,0,0,10,"2016-03-01 22:31:51 UTC","2017-05-19 17:08:14 UTC",38338583,887.467199074074,4,26,1411,1196
"alexlyp/insight",0,0,0,0,0,0,0,0,0,0,21,"2016-02-24 15:54:00 UTC","2017-05-18 22:08:20 UTC",38812460,898.436574074074,18,95,1756,3320
"chappjc/cgminer",0,0,0,0,0,0,0,0,0,0,12,"2016-01-29 01:47:31 UTC","2016-05-02 16:04:09 UTC",8169398,189.106435185185,2,22,132,84
"chappjc/dcrutil",0,0,0,0,0,0,0,0,0,0,2,"2016-05-27 23:54:41 UTC","2016-05-28 05:47:55 UTC",21194,0.490601851851852,1,4,88,0
"chappjc/gominer",0,0,0,0,0,0,0,0,0,0,2,"2016-08-07 04:44:16 UTC","2017-04-03 05:34:30 UTC",20652614,478.069768518519,1,2,2,2
"cjepson/cgminer",0,0,0,0,0,0,0,0,0,0,8,"2016-01-27 19:14:53 UTC","2016-02-08 19:40:34 UTC",1038341,24.0356712962963,3,6,407,112
"cjepson/gominer",0,0,0,0,0,0,0,0,0,0,78,"2016-07-21 20:44:10 UTC","2016-09-07 22:04:15 UTC",4152005,96.1112268518519,5,10,1399,630
"davecgh/cgminer",0,0,0,0,0,0,0,0,0,0,4,"2016-01-31 04:45:51 UTC","2016-02-03 22:04:08 UTC",321497,7.44206018518519,0,2,84,30
"frankbraun/dcrd",0,0,0,0,0,0,0,0,0,0,2,"2016-02-12 03:30:58 UTC","2016-02-12 16:38:13 UTC",47235,1.09340277777778,0,8,44,458
"jcvernaleo/RFPs",0,0,0,0,0,0,0,0,0,0,11,"2016-02-23 20:20:07 UTC","2016-07-26 13:23:28 UTC",13277001,307.337986111111,9,18,395,30
"jolan/dcrwallet",0,0,0,0,0,0,0,0,0,0,117,"2016-03-22 17:16:25 UTC","2017-09-14 19:32:39 UTC",46746974,1082.10587962963,13,54,5595,1429
"jolan/decredweb",0,0,0,0,0,0,0,0,0,0,3,"2016-04-25 18:06:57 UTC","2016-06-07 17:08:51 UTC",3711714,85.9193055555556,3,8,1244,170
"jzbz/dcraddrgen",0,0,0,0,0,0,0,0,0,0,2,"2016-01-23 21:12:58 UTC","2016-01-23 21:16:10 UTC",192,0.00444444444444444,0,3,2,2
"tpruvot/cgminer",0,0,0,0,0,0,0,0,0,2,1,"2016-03-24 09:22:10 UTC","2018-08-11 06:35:46 UTC",75154416,1739.68555555556,1,2,182,3354
"jcvernaleo/copay",0,0,0,0,0,0,0,0,0,0,3,"2016-09-15 18:20:39 UTC","2016-09-23 18:47:05 UTC",692786,16.036712962963,1,2,16,16
"jolan/decrediton",0,0,0,0,0,0,0,0,0,0,147,"2016-12-01 19:28:32 UTC","2017-02-02 20:05:31 UTC",5445419,126.051365740741,7,17,910,380
"martelletto/dcrd",0,0,0,0,0,0,0,0,0,0,11,"2016-11-04 15:45:45 UTC","2016-12-23 10:57:37 UTC",4216312,97.5998148148148,1,5,116,4
"raedah/dcrwallet",0,0,0,0,0,0,0,0,0,1,172,"2016-05-15 21:37:59 UTC","2018-12-24 03:52:11 UTC",82278852,1904.60305555556,11,63,1223,1078
"Neurosploit/copay",0,0,3,0,2,0,6,108,16,0,7,"2016-02-21 12:46:39 UTC","2016-02-23 19:58:14 UTC",198695,4.5994212962963,1,2,99,16
"SartoNess/insight",0,0,0,0,0,0,0,0,0,0,1,"2016-02-08 23:16:45 UTC","2016-02-08 23:16:45 UTC",0,0,NA,NA,NA,NA
"chappjc/dcrwallet",1,1,0,1,0,1,92,6216,2540,0,81,"2016-03-02 05:15:27 UTC","2018-11-19 20:59:10 UTC",85765423,1985.31071759259,8,120,5855,724
"dajohi/decrediton",0,0,0,0,0,0,0,0,0,0,39,"2016-11-30 17:09:35 UTC","2019-01-02 17:13:47 UTC",65923452,1526.00583333333,11,24,2724,5758
"feeleep75/cgminer",0,2,0,0,0,2,4,412,106,0,2,"2016-02-04 06:12:13 UTC","2016-02-04 06:17:32 UTC",319,0.00738425925925926,NA,NA,NA,NA
"jyap808/dcrwallet",0,0,0,0,0,0,0,0,0,0,3,"2016-03-16 20:41:58 UTC","2016-03-17 20:21:35 UTC",85177,1.97168981481481,1,2,14,14
"mverrilli/dcrdocs",0,0,1,0,1,0,2,88,88,0,25,"2016-05-18 05:27:48 UTC","2016-05-18 12:51:35 UTC",26627,0.616365740740741,1,2,88,88
"5qu4r3/insight-api",0,0,0,0,0,0,0,0,0,0,2,"2016-03-26 12:06:09 UTC","2016-03-26 15:29:33 UTC",12204,0.2825,NA,NA,NA,NA
"alexlyp/decrediton",0,0,1,0,1,0,2,6,0,0,1433,"2016-11-11 15:52:11 UTC","2018-12-31 15:43:08 UTC",67391457,1559.98743055556,439,3878,312783,108300
"cjepson/Paymetheus",0,0,0,0,0,0,0,0,0,0,52,"2016-07-12 22:56:03 UTC","2016-08-09 22:29:22 UTC",2417599,55.9629398148148,4,22,4096,485
"cjepson/dcraddrgen",0,0,0,0,0,0,0,0,0,0,1,"2016-01-08 17:18:58 UTC","2016-01-08 18:13:51 UTC",3293,0.0762268518518519,1,2,400,36
"colt05/insight-api",0,0,0,0,0,0,0,0,0,0,2,"2016-06-25 12:26:20 UTC","2016-06-25 12:27:16 UTC",56,0.0012962962962963,1,3,9,9
"jcvernaleo/ccminer",0,0,0,0,0,0,0,0,0,0,3,"2016-04-26 21:30:36 UTC","2017-05-22 16:30:24 UTC",33764388,781.583055555556,3,7,24,380207
"jcvernaleo/gominer",0,0,0,0,0,0,0,0,0,0,366,"2016-04-29 17:57:33 UTC","2017-07-13 13:54:04 UTC",38001391,879.661828703704,49,138,21438,6254
"jolan/dcrstakepool",0,0,0,0,0,0,0,0,0,0,720,"2016-11-12 21:04:15 UTC","2017-11-29 19:24:23 UTC",32998808,763.861296296296,36,110,16431,7630
"DanielTheSilly/dcrd",0,0,0,0,0,0,0,0,0,0,7,"2016-11-27 21:08:07 UTC","2016-12-05 20:25:25 UTC",688638,15.9406944444444,2,11,20,20
"Extrememist/bitcore",0,0,0,0,0,0,0,0,0,0,1,"2016-03-25 06:18:42 UTC","2016-03-25 06:37:26 UTC",1124,0.0260185185185185,NA,NA,NA,NA
"Extrememist/insight",0,0,0,0,0,0,0,0,0,0,1,"2016-04-05 12:33:12 UTC","2016-04-05 12:33:12 UTC",0,0,NA,NA,NA,NA
"alexlyp/insight-api",0,0,0,0,0,0,0,0,0,0,5,"2016-02-22 21:38:30 UTC","2017-09-14 19:52:41 UTC",49238051,1139.76969907407,21,46,404,176
"dajohi/dcr-netstats",0,0,0,0,0,0,0,0,0,0,2,"2016-12-17 04:25:27 UTC","2017-07-13 15:59:20 UTC",18009233,416.880393518519,2,4,10,12
"girino/dcr-netstats",0,0,0,0,0,0,0,0,0,0,6,"2016-06-08 12:06:39 UTC","2018-02-07 03:23:08 UTC",52589789,1217.35622685185,1,8,720,302
"marcopeereboom/dcrd",0,0,0,0,0,0,0,0,0,0,503,"2016-06-08 21:56:55 UTC","2017-04-10 20:03:45 UTC",26431610,611.842824074074,24,319,59382,20027
"chappjc/dcrrpcclient",0,0,0,0,0,0,0,0,0,0,7,"2016-08-23 07:31:55 UTC","2017-09-12 00:33:46 UTC",33238911,769.419236111111,6,16,224,26
"chappjc/dcrstakepool",0,0,0,0,0,0,0,0,0,0,76,"2016-11-11 16:50:37 UTC","2018-12-20 22:54:59 UTC",66463462,1538.50606481481,29,119,4476,1884
"cjepson/dcrrpcclient",0,0,0,0,0,0,0,0,0,0,19,"2016-02-15 21:53:54 UTC","2016-07-07 19:53:40 UTC",12344386,285.749675925926,16,36,2861,552
"frankbraun/dcrwallet",0,0,0,0,0,0,0,0,0,0,1,"2016-02-12 03:23:06 UTC","2017-04-02 05:48:21 UTC",35861115,830.118402777778,1,2,3,3
"jolan/dcrticketbuyer",0,0,0,0,0,0,0,0,0,0,14,"2016-08-22 16:18:01 UTC","2016-09-01 15:01:28 UTC",859407,19.8936805555556,2,4,446,18834
"jolan/decred-release",0,0,0,0,0,0,0,0,0,0,9,"2016-04-04 23:54:10 UTC","2017-08-25 17:52:03 UTC",43869473,1015.49706018519,8,15,264,205
"jrick/decred-release",0,0,0,0,0,0,0,0,0,0,1,"2016-03-25 19:46:01 UTC","2017-08-21 21:38:20 UTC",44412739,1028.07266203704,2,4,132,44
"rasrenato/dcraddrgen",0,0,0,0,0,0,0,0,0,0,4,"2016-01-02 11:42:25 UTC","2016-01-04 17:30:51 UTC",193706,4.48393518518519,0,2,2,2
"Retord/dcrticketbuyer",0,0,0,0,0,0,0,0,0,0,1,"2016-08-25 08:17:00 UTC","2016-08-25 08:17:00 UTC",0,0,NA,NA,NA,NA
"chappjc/decred-seeder",0,0,0,0,0,0,0,0,0,0,11,"2016-03-10 21:53:35 UTC","2016-03-21 18:43:17 UTC",938982,21.7356944444444,3,15,283,255
"colt05/dcrticketbuyer",0,0,0,0,0,0,0,0,0,0,2,"2016-06-25 22:24:05 UTC","2016-08-13 16:30:47 UTC",4212402,97.5093055555556,1,2,4,4
"dajohi/dcrticketbuyer",0,0,0,0,0,0,0,0,0,0,3,"2016-08-29 17:59:50 UTC","2016-08-30 16:48:22 UTC",82112,1.90074074074074,2,4,103,104
"girino/dcrticketbuyer",0,0,0,0,0,0,0,0,0,0,1,"2016-07-12 15:48:53 UTC","2016-07-12 15:48:53 UTC",0,0,NA,NA,NA,NA
"jcvernaleo/dcraddrgen",0,0,0,0,0,0,0,0,0,0,7,"2016-02-16 15:49:40 UTC","2017-05-26 15:44:36 UTC",40172096,929.90962962963,4,8,72,5618
"jcvernaleo/decrediton",0,0,0,0,0,0,0,0,0,0,579,"2016-11-16 19:23:46 UTC","2017-07-26 15:37:43 UTC",21755637,503.602708333333,94,221,20766,13766
"jolan/decred-binaries",0,0,0,0,0,0,0,0,0,0,1,"2016-08-30 14:20:23 UTC","2016-09-01 16:41:39 UTC",181276,4.1962037037037,1,2,1,3
"raedah/dcrticketbuyer",0,0,0,0,0,0,0,0,0,0,18,"2016-06-15 02:32:03 UTC","2016-12-28 04:06:42 UTC",16943679,392.214791666667,2,11,144,40
"alexlyp/dcrticketbuyer",0,0,0,0,0,0,0,0,0,0,23,"2016-08-30 15:15:38 UTC","2016-11-08 21:38:55 UTC",6074597,140.615671296296,7,25,249,70
"marcopeereboom/gominer",0,0,0,0,0,0,0,0,0,0,48,"2016-09-16 15:57:03 UTC","2016-09-22 19:24:43 UTC",530860,12.2884259259259,1,2,628,558
"raedah/decred-binaries",0,0,0,0,0,0,0,0,0,0,1,"2016-12-26 21:57:49 UTC","2016-12-26 21:57:49 UTC",0,0,1,2,4,4
"thiagochristof/dcrdocs",0,0,0,0,0,0,0,0,0,0,1,"2016-05-23 01:27:33 UTC","2016-05-23 01:27:33 UTC",0,0,0,2,6,4
"Extrememist/insight-api",0,0,0,0,0,0,0,0,0,0,2,"2016-03-25 09:02:49 UTC","2016-04-05 13:01:13 UTC",961104,22.2477777777778,NA,NA,NA,NA
"alexlyp/bitcore-mnemonic",0,0,0,0,0,0,0,0,0,0,2,"2016-06-23 16:31:07 UTC","2016-09-13 14:46:38 UTC",7078531,163.854884259259,2,52,480,36612
"marcopeereboom/dcrwallet",0,0,0,0,0,0,0,0,0,0,15,"2016-06-03 18:21:12 UTC","2017-04-14 17:48:41 UTC",27214049,629.954837962963,1,4,10,2
"tuxcanfly/dcrticketbuyer",0,0,0,0,0,0,0,0,0,0,46,"2016-08-22 18:12:54 UTC","2016-12-09 20:00:04 UTC",9427630,218.232175925926,3,27,393,1168
"jcvernaleo/dcrticketbuyer",0,0,0,0,0,0,0,0,0,0,6,"2016-06-09 16:16:39 UTC","2017-02-15 19:08:24 UTC",21700305,502.321875,14,28,228,6396
"jcvernaleo/decred-release",0,0,0,0,0,0,0,0,0,0,97,"2016-03-03 21:01:15 UTC","2017-06-21 18:40:42 UTC",41027967,949.721458333333,66,134,4253,4605
"marcopeereboom/Paymetheus",0,0,0,0,0,0,0,0,0,0,89,"2016-06-28 15:05:41 UTC","2016-09-09 15:01:59 UTC",6306978,145.994861111111,18,60,2510,2771
"jcvernaleo/decred-binaries",0,0,0,0,0,0,0,0,0,0,132,"2016-06-13 15:18:18 UTC","2017-06-29 14:45:00 UTC",32916402,761.95375,37,83,7347,531
"alexlyp/bitcore-wallet-client",0,0,0,0,0,0,0,0,0,0,2,"2016-06-20 19:26:28 UTC","2017-03-29 15:20:04 UTC",24350016,563.657777777778,9,678,183360,172760
"marcopeereboom/decred-release",0,0,0,0,0,0,0,0,0,0,32,"2016-06-14 16:29:56 UTC","2017-04-26 20:57:41 UTC",27318465,632.371875,8,70,2849,86
"alexlyp/bitcore-wallet-service",0,0,0,0,0,0,0,0,0,0,3,"2016-02-23 22:30:25 UTC","2016-08-29 15:54:05 UTC",16215820,375.366203703704,7,918,21124,5620
"jcvernaleo/decred-irc-price-bot",0,0,0,0,0,0,0,0,0,0,5,"2016-09-08 19:25:19 UTC","2017-04-20 20:39:56 UTC",19358077,448.103634259259,4,8,48,43
"marcopeereboom/decred-windows-installer",0,0,0,0,0,0,0,0,0,0,14,"2016-07-21 17:31:50 UTC","2017-08-16 15:04:16 UTC",33773546,781.795046296296,26,72,5208,1692
"ironbits/dcrd",0,0,0,0,0,0,0,0,0,0,0,"2016-02-07 22:29:08 UTC","2016-02-07 22:29:18 UTC",10,0.000231481481481481,NA,NA,NA,NA
"rasrenato/insight",0,0,0,0,0,0,0,0,0,0,0,"2016-02-06 13:03:02 UTC","2016-02-06 13:03:02 UTC",0,0,NA,NA,NA,NA
"hashugo/dcraddrgen",0,0,0,0,0,0,0,0,0,0,0,"2016-01-03 23:47:02 UTC","2016-01-03 23:47:02 UTC",0,0,NA,NA,NA,NA
"invodkawetrust/blake256",0,0,0,0,0,0,0,0,0,0,0,"2016-01-05 21:27:05 UTC","2016-01-05 21:27:05 UTC",0,0,NA,NA,NA,NA
"invodkawetrust/dcrwallet",0,0,0,0,0,0,0,0,0,0,0,"2016-01-29 13:59:55 UTC","2016-01-29 13:59:55 UTC",0,0,NA,NA,NA,NA
"invodkawetrust/dcraddrgen",0,0,0,0,0,0,0,0,0,0,0,"2016-01-05 20:41:27 UTC","2016-01-05 20:41:27 UTC",0,0,NA,NA,NA,NA
"rasrenato/crypto-browserify",0,0,0,0,0,0,0,0,0,0,0,"2016-01-07 03:40:16 UTC","2016-01-07 03:40:16 UTC",0,0,NA,NA,NA,NA
"invodkawetrust/crypto-browserify",0,0,0,0,0,0,0,0,0,0,0,"2016-01-05 20:42:59 UTC","2016-01-05 20:42:59 UTC",0,0,NA,NA,NA,NA
"cjepson/RFPs",0,0,0,0,0,0,0,0,0,0,0,"2016-05-12 20:58:06 UTC","2016-05-12 20:58:06 UTC",0,0,1,2,92,0
"jyap808/dcrd",0,0,0,0,0,0,0,0,0,0,0,"2016-04-14 09:08:07 UTC","2016-04-14 09:08:07 UTC",0,0,1,2,56,56
"dajohi/bitcore",0,0,0,0,0,0,0,0,0,0,8,"2016-02-17 18:04:14 UTC","2018-08-09 14:40:49 UTC",78089795,1807.63414351852,2,8,44,28
"davecgh/bitset",0,0,0,0,0,0,0,0,0,0,0,"2016-03-25 18:03:09 UTC","2016-03-25 18:54:02 UTC",3053,0.0706712962962963,1,2,2,2
"cjepson/dcrutil",0,0,0,0,0,0,0,0,0,0,0,"2016-07-04 21:45:18 UTC","2016-07-04 21:45:18 UTC",0,0,1,2,8,6
"kargakis/dcrdocs",0,0,0,0,0,0,0,0,0,0,0,"2016-05-22 23:18:32 UTC","2016-05-23 10:15:12 UTC",39400,0.912037037037037,1,2,4,2
"dajohi/insight-api",0,0,0,0,0,0,0,0,0,0,3,"2016-02-17 18:13:30 UTC","2017-02-28 18:38:43 UTC",32574313,754.035023148148,3,8,143,39
"jcvernaleo/insight",0,0,0,0,0,0,0,0,0,0,0,"2016-02-19 15:30:59 UTC","2016-02-19 15:57:26 UTC",1587,0.0367361111111111,1,2,14,14
"jolan/dcrrpcclient",0,0,0,0,0,0,0,0,0,0,7,"2016-04-21 22:12:00 UTC","2017-07-06 20:47:32 UTC",38097332,881.882685185185,4,9,103,162
"alexlyp/dcrrpcclient",0,0,0,0,0,0,0,0,0,0,4,"2016-02-17 20:48:40 UTC","2017-06-13 15:11:27 UTC",41620967,963.448310185185,6,21,466,11
"jcvernaleo/decredweb",0,0,0,0,0,0,0,0,0,0,4,"2016-03-21 18:34:41 UTC","2017-06-29 14:50:23 UTC",40158942,929.605138888889,4,8,28,14
"dajohi/decred-release",0,0,0,0,0,0,0,0,0,0,12,"2016-06-21 20:43:45 UTC","2018-08-12 02:45:11 UTC",67500086,1562.50199074074,14,35,1209,824
"frankbraun/dcraddrgen",0,0,0,0,0,0,0,0,0,0,0,"2016-01-19 03:48:20 UTC","2016-01-19 03:48:20 UTC",0,0,1,4,18,12
"alexlyp/decred-release",0,0,0,0,0,0,0,0,0,0,0,"2016-03-09 18:04:09 UTC","2016-03-09 18:04:09 UTC",0,0,1,2,82,0
"jcvernaleo/decred-windows-installer",0,0,0,0,0,0,0,0,0,0,10,"2016-10-07 19:36:51 UTC","2017-06-20 21:06:15 UTC",22123764,512.124166666667,15,30,116,116
"jzbz/dcrdocs",0,0,0,0,0,0,0,0,0,2,37,"2017-02-14 18:00:40 UTC","2018-11-15 06:31:18 UTC",55168238,1277.0425462963,3,13,160,187
"peterzen/copay",0,0,4,0,2,0,32,55508,12694,1,115,"2017-04-07 21:00:49 UTC","2018-05-31 13:34:47 UTC",36174838,837.380509259259,2,123,308956,72570
"HcashOrg/bitset",0,0,0,0,0,0,0,0,0,2,1,"2017-09-29 07:38:50 UTC","2018-03-05 03:12:07 UTC",13552397,313.712893518519,NA,NA,NA,NA
"holodnak/cgminer",0,0,0,0,0,0,0,0,0,1,0,"2017-08-24 13:54:04 UTC","2017-08-24 13:54:04 UTC",0,0,NA,NA,NA,NA
"karamble/dcrdocs",0,1,0,0,0,1,2,2996,1090,3,79,"2017-01-31 13:57:39 UTC","2018-11-04 01:05:31 UTC",55422472,1282.92759259259,9,31,30701,458
"sndurkin/politeia",0,0,1,0,0,0,2,152,92,1,198,"2017-10-26 00:07:53 UTC","2018-11-27 15:15:43 UTC",34358870,795.344212962963,51,172,22554,10224
"ubiq/dcrstakepool",0,0,0,0,0,0,0,0,0,1,17,"2017-02-12 20:46:05 UTC","2018-05-09 19:26:07 UTC",38958002,901.805601851852,NA,NA,NA,NA
"viacoin/atomicswap",0,0,0,0,0,0,0,0,0,5,23,"2017-09-28 11:15:49 UTC","2018-09-12 12:26:27 UTC",30157838,698.098101851852,0,3,1200,0
"C-ollins/decrediton",0,0,0,0,0,0,0,0,0,2,4,"2017-12-17 17:26:17 UTC","2017-12-21 10:48:25 UTC",321728,7.44740740740741,NA,NA,NA,NA
"hypernoob/dcrstakepool",0,0,0,0,0,0,0,0,0,1,3,"2017-12-31 15:49:13 UTC","2018-01-01 01:57:18 UTC",36485,0.844560185185185,0,3,19,25
"alexlyp/decred-binaries",0,0,0,0,0,0,0,0,0,1,48,"2017-08-17 18:40:30 UTC","2019-01-04 18:16:12 UTC",43634142,1010.04958333333,5,21,2510,40
"minerpools/genesisminer",0,0,0,0,0,0,0,0,0,1,0,"2017-02-17 02:08:27 UTC","2018-02-01 08:19:41 UTC",30175874,698.515601851852,NA,NA,NA,NA
"Thoughtscript/decrediton",0,0,0,0,0,0,0,0,0,1,30,"2017-09-30 01:48:16 UTC","2018-02-18 01:43:25 UTC",12185709,282.076597222222,3,41,129,85
"jpz/dcrd",0,0,0,0,0,0,0,0,0,0,45,"2017-09-05 05:59:09 UTC","2017-11-11 07:08:16 UTC",5796547,134.179328703704,3,9,562,1108
"dnldd/dcrd",0,0,0,0,0,0,0,0,0,0,581,"2017-07-17 23:04:07 UTC","2018-11-27 12:32:33 UTC",42992906,995.206157407407,86,380,27199,24420
"cmuhao/dcrd",1,0,0,1,0,0,910,37476,3824,0,1,"2017-11-13 06:48:05 UTC","2017-11-13 06:50:30 UTC",145,0.00335648148148148,NA,NA,NA,NA
"d7km/dcrweb",0,0,0,0,0,0,0,0,0,0,1,"2017-10-06 09:24:53 UTC","2017-10-09 10:15:29 UTC",262236,6.07027777777778,1,4,450,314
"jzbz/dcrweb",0,0,1,0,1,0,10,7006,22,0,49,"2017-09-16 18:51:45 UTC","2018-12-21 20:23:50 UTC",39839525,922.211226851852,13,59,74,145
"davecgh/dcps",0,0,0,0,0,0,0,0,0,0,133,"2017-05-15 06:14:56 UTC","2017-11-29 18:38:11 UTC",17155395,397.115625,6,12,3923,39
"haakonn/dcrd",0,0,0,0,0,0,0,0,0,0,1,"2017-01-14 19:16:09 UTC","2017-01-14 19:16:09 UTC",0,0,1,2,2,2
"jrick/base58",0,0,0,0,0,0,0,0,0,0,1,"2017-10-10 19:00:45 UTC","2017-10-10 19:12:22 UTC",697,0.0161342592592593,1,2,1282,0
"shweini/dcrd",0,0,0,0,0,0,0,0,0,0,37,"2017-10-08 06:59:47 UTC","2018-05-27 11:07:29 UTC",19973262,462.344027777778,1,36,261,231
"teknico/dcrd",0,0,0,0,0,0,0,0,0,0,8,"2017-10-12 11:51:21 UTC","2017-12-11 11:53:45 UTC",5187744,120.086666666667,1,18,3700,3906
"Arriu/dcrdocs",0,1,10,0,0,1,92,1089,611,1,20,"2017-04-16 12:37:48 UTC","2018-05-28 14:54:28 UTC",35173000,814.189814814815,1,17,167,73
"C-ollins/dcrd",0,0,0,0,0,0,0,0,0,0,10,"2017-12-22 18:10:44 UTC","2018-08-14 20:53:32 UTC",20310168,470.142777777778,NA,NA,NA,NA
"dajohi/base58",0,0,0,0,0,0,0,0,0,0,5,"2017-10-10 19:16:45 UTC","2018-10-24 20:57:26 UTC",32751641,758.139837962963,3,7,335,180
"dajohi/dcrweb",0,0,0,0,0,0,0,0,0,0,11,"2017-08-16 13:41:52 UTC","2018-11-30 19:51:24 UTC",40720172,942.596574074074,13,31,1851,1903
"dnldd/dcrutil",0,0,0,0,0,0,0,0,0,0,15,"2017-07-16 02:24:18 UTC","2017-09-10 18:35:02 UTC",4896644,113.348240740741,3,13,540,646
"fgimenez/dcrd",0,0,0,0,0,0,0,0,0,0,1,"2017-12-03 17:16:08 UTC","2017-12-18 18:55:33 UTC",1301965,30.1380787037037,1,2,16,16
"jcmincke/dcrd",0,0,0,0,0,0,0,0,0,0,18,"2017-09-07 23:15:46 UTC","2017-09-26 21:46:39 UTC",1636253,37.8762268518519,2,23,1756,1606
"jrick/dcrtime",0,0,0,0,0,0,0,0,0,0,3,"2017-06-13 17:39:34 UTC","2017-06-28 20:58:01 UTC",1307907,30.275625,2,6,186,187
"lukebp/dcrweb",0,0,0,0,0,0,0,0,0,0,2,"2017-07-11 19:13:13 UTC","2017-07-11 21:40:39 UTC",8846,0.204768518518519,1,2,6,6
"maicalal/dcrd",0,0,0,0,0,0,0,0,0,0,42,"2017-11-18 20:31:35 UTC","2018-12-23 20:17:25 UTC",34559150,799.980324074074,1,6,509,92
"matheusd/dcrd",0,0,0,0,0,0,0,0,0,0,28,"2017-11-01 16:46:27 UTC","2018-12-12 10:00:41 UTC",35054054,811.436435185185,4,47,4081,356
"JasonSome/dcrd",0,0,0,0,0,0,0,0,0,0,2,"2017-01-03 07:56:25 UTC","2017-02-18 18:45:23 UTC",4013338,92.9013425925926,NA,NA,NA,NA
"LuxorLabs/dcrd",0,0,0,0,0,0,0,0,0,0,1,"2017-11-04 22:20:29 UTC","2017-11-04 22:31:58 UTC",689,0.0159490740740741,NA,NA,NA,NA
"alexlyp/dcrweb",0,0,0,0,0,0,0,0,0,0,3,"2017-06-22 19:44:44 UTC","2018-10-16 17:10:29 UTC",41549145,961.785763888889,8,22,129,105
"bclermont/dcrd",0,0,0,0,0,0,0,0,0,0,6,"2017-11-17 06:10:28 UTC","2017-12-22 05:21:06 UTC",3021038,69.9314351851852,0,1,37,0
"boblin/dcrdocs",0,0,0,0,0,0,0,0,0,0,2,"2017-04-08 21:40:34 UTC","2017-05-01 21:16:22 UTC",1985748,45.9663888888889,2,4,8,8
"dajohi/dcrtime",0,0,0,0,0,0,0,0,0,0,26,"2017-06-12 18:57:27 UTC","2018-12-11 15:58:33 UTC",47253666,1093.83486111111,12,32,1578,1246
"fai04d/dcrdocs",0,0,0,0,0,0,0,0,0,0,28,"2017-01-29 12:27:45 UTC","2017-10-21 03:05:14 UTC",22858649,529.135393518519,13,69,5318,2143
"jolan/politeia",0,0,0,0,0,0,0,0,0,0,95,"2017-11-09 22:27:08 UTC","2017-12-21 16:12:43 UTC",3606335,83.4799768518518,4,21,1823,483
"raedah/dcrdocs",0,0,0,0,0,0,0,0,0,0,1,"2017-04-11 22:35:56 UTC","2017-04-11 22:35:56 UTC",0,0,NA,NA,NA,NA
"rgeraldes/dcrd",0,0,0,0,0,0,0,0,0,0,4,"2017-12-09 15:11:10 UTC","2017-12-10 22:38:19 UTC",113229,2.62104166666667,0,10,250,0
"ruemic/dcrdocs",0,0,0,0,0,0,0,0,0,0,1,"2017-04-01 01:52:41 UTC","2017-04-01 01:52:41 UTC",0,0,1,2,2,2
"YSTomar/insight",0,0,0,0,0,0,0,0,0,0,2,"2017-10-27 12:49:44 UTC","2017-11-16 15:32:26 UTC",1741362,40.3093055555556,0,3,15,5
"abcsuite/bitset",0,0,0,0,0,0,0,0,0,0,1,"2017-06-30 03:14:05 UTC","2017-07-15 06:37:41 UTC",1308216,30.2827777777778,NA,NA,NA,NA
"dajohi/politeia",0,0,0,0,0,0,0,0,0,0,36,"2017-10-25 14:57:28 UTC","2019-01-02 15:22:36 UTC",37502708,868.118240740741,21,54,1610,2002
"detailyang/dcrd",0,0,0,0,0,0,0,0,0,0,2,"2017-10-26 13:22:46 UTC","2017-11-26 14:16:32 UTC",2685226,62.1580092592593,2,4,18,6
"detinho/dcrdocs",0,0,0,0,0,0,0,0,0,0,1,"2017-07-18 21:09:23 UTC","2017-07-18 21:09:23 UTC",0,0,1,2,4,4
"dnldd/dcrwallet",0,0,0,0,0,0,0,0,0,0,243,"2017-06-29 23:59:15 UTC","2018-12-19 17:43:03 UTC",46464228,1075.56083333333,39,110,30069,16700
"dnldd/dcrwebapi",0,0,0,0,0,0,0,0,0,0,33,"2017-10-06 16:55:59 UTC","2018-05-24 21:30:55 UTC",19888496,460.381851851852,2,5,1409,5130
"gozart1/insight",0,0,0,0,0,0,0,0,0,0,1,"2017-04-02 18:12:50 UTC","2017-04-02 18:12:50 UTC",0,0,NA,NA,NA,NA
"jolan/dcrdocker",0,0,0,0,0,0,0,0,0,0,3,"2017-10-10 20:37:07 UTC","2017-10-11 16:00:15 UTC",69788,1.61546296296296,0,3,127,8
"karamble/dcrweb",0,1,0,0,0,0,38,30737,2,0,306,"2017-02-06 22:20:29 UTC","2018-11-02 13:15:28 UTC",54744899,1267.24303240741,42,444,163800,13621
"lizyned/dcrdocs",0,0,0,0,0,0,0,0,0,0,3,"2017-06-06 19:06:02 UTC","2017-07-02 14:49:32 UTC",2231010,51.64375,NA,NA,NA,NA
"peterzen/dcrweb",0,0,0,0,0,0,0,0,0,0,205,"2017-05-17 22:31:53 UTC","2018-12-17 22:15:59 UTC",50028246,1158.06125,31,107,151660,105625
"sipherr/dcrdocs",0,0,0,0,0,0,0,0,0,0,2,"2017-09-08 14:48:39 UTC","2017-09-13 00:41:16 UTC",381157,8.8230787037037,2,4,4,2
"teknico/dcrdocs",0,0,0,0,0,0,0,0,0,0,1,"2017-07-28 17:18:37 UTC","2017-07-28 17:45:11 UTC",1594,0.0368981481481481,0,3,12,12
"tmcl118/dcrdocs",0,0,0,0,0,0,0,0,0,0,18,"2017-04-18 00:25:19 UTC","2017-06-01 03:28:12 UTC",3812573,88.2540046296296,NA,NA,NA,NA
"vctt94/politeia",0,0,0,0,0,0,0,0,0,0,70,"2017-11-07 18:25:30 UTC","2018-10-23 12:52:24 UTC",30216414,699.454027777778,9,27,1106,523
"Aspasioz/dcrdocs",0,0,0,0,0,0,0,0,0,0,93,"2017-04-13 10:29:49 UTC","2017-04-18 13:33:56 UTC",443047,10.2557175925926,0,174,9767,2
"J-8/hardforkdemo",0,0,0,0,0,0,0,0,0,0,1,"2017-10-31 10:39:28 UTC","2017-10-31 10:39:28 UTC",0,0,1,2,46,46
"NUKE1989/dcrdocs",0,0,0,0,0,0,0,0,0,0,1,"2017-01-09 17:24:25 UTC","2017-01-09 17:24:25 UTC",0,0,0,2,2,2
"animedow/dcrdocs",0,0,0,0,0,0,0,0,0,0,9,"2017-03-08 16:11:59 UTC","2017-03-15 12:23:40 UTC",591101,13.6828935185185,0,9,239,0
"atweiden/dcrdocs",0,0,0,0,0,0,0,0,0,0,5,"2017-04-28 19:05:33 UTC","2017-05-03 17:43:49 UTC",427096,9.88648148148148,2,135,206,219
"dajohi/dcrdocker",0,0,0,0,0,0,0,0,0,0,11,"2017-08-22 18:52:38 UTC","2018-12-14 15:46:03 UTC",41378005,957.824189814815,7,19,280,275
"hypernoob/dcrweb",0,0,0,0,0,0,1,128,123,0,15,"2017-09-27 13:10:01 UTC","2019-01-05 14:44:13 UTC",40185252,930.214166666667,3,13,198,178
"jolan/dcraddrgen",0,0,0,0,0,0,0,0,0,0,1,"2017-03-28 14:45:51 UTC","2017-03-28 14:54:18 UTC",507,0.0117361111111111,1,3,312,102
"jrick/atomicswap",0,0,0,0,0,0,0,0,0,0,20,"2017-09-20 15:55:30 UTC","2018-06-25 13:42:41 UTC",24011231,555.815532407407,21,44,2094,685
"jrick/decrediton",0,0,0,0,0,0,0,0,0,0,10,"2017-09-01 13:39:45 UTC","2017-09-01 19:02:11 UTC",19346,0.447824074074074,2,4,371,2
"kewde/atomicswap",0,0,0,0,0,0,0,0,0,0,1,"2017-09-22 17:31:20 UTC","2017-09-22 17:31:20 UTC",0,0,NA,NA,NA,NA
"matheusd/dcrdocs",0,0,0,0,0,0,0,0,0,0,10,"2017-11-25 18:13:43 UTC","2018-12-19 16:31:45 UTC",33603482,777.85837962963,2,12,242,56
"mramshaw/gominer",0,0,0,0,0,0,0,0,0,0,1,"2017-09-28 23:22:28 UTC","2017-09-28 23:22:28 UTC",0,0,NA,NA,NA,NA
"oktapodia/dcrweb",0,0,0,0,0,0,0,0,0,0,4,"2017-09-23 14:40:37 UTC","2017-11-28 18:55:09 UTC",5721272,132.436851851852,9,39,12962,10396
"peterzen/bitcore",0,0,0,0,0,0,0,0,0,0,1,"2017-06-08 06:03:19 UTC","2017-06-08 06:03:19 UTC",0,0,NA,NA,NA,NA
"peterzen/dcrdocs",0,0,0,0,0,0,0,0,0,0,19,"2017-07-05 21:25:07 UTC","2018-03-08 19:22:37 UTC",21250650,491.913194444444,2,5,95586,662
"pvtwarren/dcrweb",0,0,0,0,0,0,0,0,0,0,11,"2017-06-28 13:13:17 UTC","2017-06-28 18:29:47 UTC",18990,0.439583333333333,1,10,304,4
"rvacek/dcrwallet",0,0,0,0,0,0,0,0,0,0,1,"2017-10-23 15:20:17 UTC","2017-10-23 15:20:17 UTC",0,0,1,2,2,2
"AlanBarber/dcrweb",0,0,0,0,0,0,0,0,0,0,4,"2017-12-21 19:54:44 UTC","2017-12-22 20:05:44 UTC",87060,2.01527777777778,1,3,29,19
"ArxdSilva/dcrdocs",0,0,0,0,0,0,0,0,0,0,2,"2017-10-14 18:51:55 UTC","2017-10-14 19:20:02 UTC",1687,0.0390509259259259,0,1,1,1
"abcsuite/blake256",0,0,0,0,0,0,0,0,0,0,2,"2017-06-30 03:14:13 UTC","2017-09-04 04:58:13 UTC",5708640,132.144444444444,NA,NA,NA,NA
"alexlyp/dcrdocker",0,0,0,0,0,0,0,0,0,0,2,"2017-07-24 15:13:41 UTC","2018-02-05 21:36:19 UTC",16960958,392.614768518519,2,7,11,19
"dajohi/atomicswap",0,0,0,0,0,0,0,0,0,0,10,"2017-09-20 15:38:27 UTC","2018-11-14 16:01:29 UTC",36292982,840.115324074074,2,7,259,645
"dajohi/dcraddrgen",0,0,0,0,0,0,0,0,0,0,1,"2017-05-26 17:15:20 UTC","2017-10-12 13:52:37 UTC",11997437,277.718449074074,2,8,203,456
"hypernoob/dcrdocs",1,0,3,1,3,0,20,54,42,0,48,"2017-06-25 04:28:52 UTC","2018-11-02 13:59:25 UTC",42805833,990.875763888889,10,30,707,644
"jholdstock/dcrweb",0,0,0,0,0,0,0,0,0,0,22,"2017-05-12 14:41:13 UTC","2018-11-14 18:12:31 UTC",47622678,1102.37680555556,8,15,78,26
"jokyjor/dcrwallet",0,0,0,0,0,0,0,0,0,0,4,"2017-11-18 08:27:58 UTC","2017-12-30 21:11:41 UTC",3674623,85.0607175925926,NA,NA,NA,NA
"jolan/dcrpayments",0,0,0,0,0,0,0,0,0,0,21,"2017-11-01 15:56:30 UTC","2018-02-12 20:54:40 UTC",8917090,206.41412037037,3,14,15374,54
"josser/decrediton",0,0,0,0,0,0,0,0,0,0,1,"2017-10-25 07:18:59 UTC","2017-10-25 07:18:59 UTC",0,0,1,2,10,0
"lukebp/decrediton",0,0,0,0,0,0,0,0,0,0,5,"2017-08-03 18:49:12 UTC","2017-09-24 01:11:12 UTC",4429320,102.530555555556,1,2,2,2
"nickboariu/dcrweb",1,0,0,1,0,0,30,64834,72,0,11,"2017-11-16 22:14:10 UTC","2017-12-08 22:16:34 UTC",1900944,44.0033333333333,6,40,104,12
"rolandgnm/dcrdocs",0,0,0,0,0,0,0,0,0,0,1,"2017-03-05 13:18:02 UTC","2017-03-05 13:18:02 UTC",0,0,1,2,6,6
"shweini/dcrwallet",0,1,0,0,0,0,2,9,8,1,146,"2017-09-16 15:27:23 UTC","2018-05-27 11:11:20 UTC",21843837,505.644375,0,71,1137,94
"vctt94/decrediton",0,0,4,0,0,0,48,4241,3011,0,318,"2017-09-28 13:44:07 UTC","2019-01-03 14:02:58 UTC",39921531,924.109513888889,53,609,16411,10770
"AbnerZheng/dcrdocs",0,0,0,0,0,0,0,0,0,0,4,"2017-09-02 16:44:51 UTC","2017-09-03 15:35:37 UTC",82246,1.90384259259259,0,8,11008,4
"Baggins800/gominer",0,0,0,0,0,0,0,0,0,0,3,"2017-03-20 18:03:36 UTC","2017-03-23 20:39:12 UTC",268536,6.21611111111111,1,5,12,12
"C-ollins/dcrwallet",0,0,0,0,0,0,0,0,0,1,4,"2017-12-31 21:07:13 UTC","2018-03-07 12:41:44 UTC",5672071,131.297939814815,NA,NA,NA,NA
"Chocanto/dcrwallet",0,0,0,0,0,0,0,0,0,0,2,"2017-02-08 21:54:37 UTC","2017-02-19 10:35:13 UTC",909636,21.0563888888889,1,4,71,32
"aldoiljazi/dcrdocs",0,0,1,0,0,0,2,2,2,0,7,"2017-08-29 12:18:48 UTC","2017-09-13 13:07:44 UTC",1298936,30.067962962963,7,27,33,33
"alexlyp/atomicswap",0,0,0,0,0,0,0,0,0,0,2,"2017-09-20 15:14:07 UTC","2017-09-20 15:24:48 UTC",641,0.014837962962963,1,4,16,0
"concensus/politeia",0,0,0,0,0,0,4,34,3,0,8,"2017-12-28 18:43:11 UTC","2017-12-28 23:43:49 UTC",18038,0.417546296296296,NA,NA,NA,NA
"dajohi/politeiagui",0,0,0,0,0,0,0,0,0,0,14,"2017-12-07 16:47:21 UTC","2019-01-02 19:40:27 UTC",33792786,782.240416666667,20,44,2369,2889
"detinho/decrediton",0,0,0,0,0,0,0,0,0,0,3,"2017-08-18 00:17:39 UTC","2017-08-22 01:43:54 UTC",350775,8.11979166666667,NA,NA,NA,NA
"dnldd/dcrrpcclient",0,0,0,0,0,0,0,0,0,0,3,"2017-07-17 23:23:14 UTC","2017-08-05 22:10:40 UTC",1637246,37.899212962963,2,3,17,116
"dnldd/dcrstakepool",0,0,0,0,0,0,0,0,0,0,2,"2017-07-19 21:17:43 UTC","2017-07-24 22:39:08 UTC",436885,10.1130787037037,1,2,40,33
"fgimenez/dcrwallet",0,0,0,0,0,0,0,0,0,0,3,"2017-12-23 10:51:19 UTC","2017-12-23 10:59:34 UTC",495,0.0114583333333333,0,1,230,39
"jcvernaleo/dcrtime",0,0,0,0,0,0,0,0,0,0,7,"2017-06-12 22:32:06 UTC","2017-08-01 20:42:21 UTC",4313415,99.8475694444444,2,11,378,0
"jholdstock/dcrdocs",0,0,0,0,0,0,0,0,0,0,351,"2017-03-15 16:19:34 UTC","2018-12-26 12:10:58 UTC",56231484,1301.65472222222,116,370,354428,227981
"jrick/dcrstakepool",0,0,0,0,0,0,0,0,0,0,6,"2017-06-20 19:18:08 UTC","2018-11-29 15:46:18 UTC",45523690,1053.78912037037,4,9,395,406
"matheusd/dcrwallet",0,0,0,0,0,0,0,0,0,0,50,"2017-10-25 11:49:13 UTC","2018-12-07 20:34:43 UTC",35286330,816.813194444444,14,61,9435,5757
"nickboariu/dcrdocs",2,0,0,2,0,0,28,224,364,0,4,"2017-10-16 23:06:20 UTC","2017-11-29 20:34:17 UTC",3796077,87.8721527777778,1,7,23,7
"particl/atomicswap",0,0,0,0,0,0,0,0,0,0,14,"2017-09-24 20:35:39 UTC","2018-04-18 12:50:06 UTC",17770467,411.353402777778,1,4,2494,2
"peterzen/dcrwebapi",0,0,0,0,0,0,0,0,0,0,4,"2017-07-19 10:20:50 UTC","2017-07-28 17:51:39 UTC",804649,18.6261342592593,1,5,4054,0
"rgeraldes/politeia",0,0,0,0,0,0,0,0,0,0,109,"2017-11-02 22:17:00 UTC","2017-12-21 01:31:43 UTC",4158883,96.2704398148148,4,27,2230,1590
"samhattangady/dcrd",0,0,0,0,0,0,0,0,0,0,1,"2017-11-20 19:11:10 UTC","2017-11-20 19:11:10 UTC",0,0,1,2,2,2
"teknico/dcraddrgen",0,0,0,0,0,0,0,0,0,0,1,"2017-08-15 15:55:58 UTC","2017-08-15 19:17:57 UTC",12119,0.280532407407407,1,3,30,70
"vctt94/politeiagui",0,0,0,0,0,0,0,0,0,0,40,"2017-12-27 17:32:26 UTC","2018-08-31 17:28:26 UTC",21336960,493.911111111111,13,94,1569,361
"Kmaschta/decrediton",0,0,0,0,0,0,0,0,0,0,1,"2017-03-20 00:42:19 UTC","2017-03-20 10:03:38 UTC",33679,0.779606481481481,1,2,2,2
"StoicaRemus/dcrdocs",0,0,0,0,0,0,0,0,0,0,2,"2017-04-08 11:54:51 UTC","2017-04-08 12:03:27 UTC",516,0.0119444444444444,NA,NA,NA,NA
"bclermont/dcrwallet",0,0,0,0,0,0,0,0,0,0,2,"2017-11-17 06:36:14 UTC","2017-11-18 03:09:17 UTC",73983,1.71256944444444,0,5,72,0
"dajohi/dcrstakepool",0,0,0,0,0,0,0,0,0,0,33,"2017-02-14 19:41:23 UTC","2018-11-08 18:31:25 UTC",54600602,1263.90282407407,12,29,1837,1445
"dajohi/hardforkdemo",0,0,0,0,0,0,0,0,0,0,15,"2017-03-06 19:14:02 UTC","2018-09-27 19:16:35 UTC",49244553,1139.92020833333,19,45,1446,978
"dasource/atomicswap",0,0,0,0,0,0,0,0,0,0,1,"2017-10-25 08:04:02 UTC","2017-10-25 08:04:02 UTC",0,0,1,2,4,4
"denyszayets/dcrdocs",0,0,0,0,0,0,0,0,0,0,43,"2017-11-27 21:21:17 UTC","2017-12-01 01:33:33 UTC",274336,6.35037037037037,0,51,75357,121210
"frankcash/dcrwallet",0,0,0,0,0,0,0,0,0,0,6,"2017-06-11 20:46:28 UTC","2017-06-13 10:48:32 UTC",136924,3.16953703703704,1,2,3,1
"girino/dcrstakepool",0,0,0,0,0,0,0,0,0,0,41,"2017-02-06 00:21:22 UTC","2018-12-15 01:19:39 UTC",58496297,1354.08094907407,0,1,2,2
"go1dfish/decrediton",0,0,0,0,0,0,0,0,0,0,52,"2017-07-31 21:45:32 UTC","2017-11-27 03:51:49 UTC",10220777,236.592060185185,30,86,20406,17657
"jolan/testnetfaucet",0,0,0,0,0,0,0,0,0,0,15,"2017-11-14 22:59:50 UTC","2018-02-07 20:59:25 UTC",7336775,169.83275462963,3,16,1777,157
"jpbriquet/dcrdocker",0,0,0,0,0,0,0,0,0,0,4,"2017-07-01 17:00:25 UTC","2017-07-03 18:29:43 UTC",178158,4.12402777777778,1,4,84,42
"karamble/decrediton",0,0,0,0,0,0,0,0,0,0,2,"2017-04-29 07:25:00 UTC","2017-04-29 08:38:45 UTC",4425,0.102430555555556,1,4,10,0
"matheusd/decrediton",0,0,0,0,0,0,0,0,0,0,231,"2017-09-08 14:44:53 UTC","2019-01-03 18:56:57 UTC",41663524,964.433425925926,184,1176,256005,92239
"pedrotst/Paymetheus",0,0,0,0,0,0,0,0,0,0,3,"2017-05-13 01:49:03 UTC","2017-05-15 01:47:37 UTC",172714,3.99800925925926,0,1,115,5
"peterzen/decrediton",0,0,1,0,0,0,2,4,2,0,25,"2017-04-21 17:43:16 UTC","2018-12-15 18:35:45 UTC",52105949,1206.15622685185,3,7,239,6
"qbit/decred-release",0,0,0,0,0,0,0,0,0,0,1,"2017-07-13 16:21:58 UTC","2017-07-13 16:21:58 UTC",0,0,1,2,2,2
"rafaelfelicio/copay",0,0,0,0,0,0,0,0,0,0,2,"2017-06-16 16:28:27 UTC","2017-07-04 17:40:24 UTC",1559517,36.0999305555556,0,3,4164,4164
"sndurkin/decrediton",0,0,0,0,0,0,0,0,0,0,88,"2017-07-27 18:16:13 UTC","2017-09-27 03:09:53 UTC",5302420,122.741203703704,27,136,9255,10735
"sudoscript/politeia",0,0,0,0,0,0,0,0,0,0,22,"2017-11-13 04:27:28 UTC","2018-03-20 18:25:27 UTC",11023079,255.163865740741,1,14,619,1262
"vertcoin/atomicswap",0,0,0,0,0,0,0,0,0,0,5,"2017-09-21 06:03:08 UTC","2017-12-30 19:22:42 UTC",8691574,201.193842592593,1,7,2340,8
"Arriu/decred-release",0,0,1,0,1,0,2,2,2,0,5,"2017-05-05 17:18:44 UTC","2017-05-10 01:18:07 UTC",374363,8.66581018518518,1,5,10,10
"alexlyp/hardforkdemo",0,0,0,0,0,0,0,0,0,0,32,"2017-02-08 23:23:33 UTC","2017-10-31 15:10:56 UTC",22866443,529.315810185185,50,204,3377,2555
"brandonblock/dcrdocs",0,0,0,0,0,0,0,0,0,0,1,"2017-11-20 14:40:58 UTC","2017-11-20 18:22:36 UTC",13298,0.307824074074074,1,3,74,110
"brunokenj/atomicswap",0,0,0,0,0,0,0,0,0,0,2,"2017-10-01 22:47:46 UTC","2017-10-02 03:00:10 UTC",15144,0.350555555555556,NA,NA,NA,NA
"chappjc/hardforkdemo",0,0,0,0,0,0,0,0,0,0,40,"2017-02-09 18:34:35 UTC","2017-09-22 20:52:17 UTC",19444662,450.107916666667,10,71,443307,1427
"dajohi/testnetfaucet",0,0,0,0,0,0,0,0,0,0,22,"2017-02-16 01:42:07 UTC","2018-12-11 16:06:57 UTC",57335090,1327.20115740741,14,31,857,647
"davecgh/hardforkdemo",0,0,0,0,0,0,0,0,0,0,4,"2017-02-15 20:45:51 UTC","2017-02-16 08:24:45 UTC",41934,0.970694444444444,2,5,5,5
"decred-china/dcrdocs",0,0,0,0,0,0,0,0,0,0,2,"2017-12-16 15:48:53 UTC","2017-12-16 16:35:55 UTC",2822,0.0653240740740741,NA,NA,NA,NA
"decred-china/insight",0,0,0,0,0,0,0,0,0,0,1,"2017-12-31 11:00:22 UTC","2017-12-31 11:00:22 UTC",0,0,NA,NA,NA,NA
"detailyang/dcrwebapi",0,0,0,0,0,0,0,0,0,0,2,"2017-12-18 18:13:38 UTC","2017-12-20 10:36:18 UTC",145360,3.36481481481481,1,4,26,0
"go1dfish/politeiagui",0,0,0,0,0,0,0,0,0,0,17,"2017-10-25 18:30:43 UTC","2017-10-27 20:35:01 UTC",180258,4.17263888888889,2,37,21781,1680
"gozart1/dcr-netstats",0,0,0,0,0,0,0,0,0,0,3,"2017-06-06 16:55:30 UTC","2017-06-21 02:00:56 UTC",1242326,28.7575462962963,0,1,50,14
"gozart1/hardforkdemo",0,0,0,0,0,0,0,0,0,0,1,"2017-05-14 19:21:30 UTC","2017-05-14 19:21:30 UTC",0,0,0,2,2,6
"guyhalestorm/dcrdocs",0,0,0,0,0,0,0,0,0,0,2,"2017-04-27 17:45:37 UTC","2017-04-28 13:49:43 UTC",72246,1.67236111111111,0,26,406,6
"hypernoob/Paymetheus",0,0,0,0,0,0,0,0,0,0,14,"2017-05-18 14:34:09 UTC","2017-06-30 00:53:14 UTC",3665945,84.859837962963,NA,NA,NA,NA
"hypernoob/atomicswap",0,0,0,0,0,0,0,0,0,0,1,"2017-09-28 15:56:44 UTC","2017-09-28 16:01:03 UTC",259,0.00599537037037037,1,2,2,2
"isLishude/decrediton",0,1,0,0,0,0,4,54,6,0,5,"2017-12-14 09:08:35 UTC","2017-12-28 14:36:35 UTC",1229280,28.4555555555556,1,4,7,6
"jcvernaleo/dcrdocker",0,0,0,0,0,0,0,0,0,0,6,"2017-06-27 19:54:22 UTC","2017-07-19 18:18:17 UTC",1895035,43.8665509259259,11,28,814,41
"nntaoli/dcrrpcclient",0,0,0,0,0,0,0,0,0,0,3,"2017-05-02 15:24:08 UTC","2017-05-03 01:34:49 UTC",36641,0.848171296296296,0,2,100,0
"oktapodia/decrediton",0,0,0,0,0,0,0,0,0,0,32,"2017-09-25 14:45:29 UTC","2017-11-05 14:36:35 UTC",3545466,82.0709722222222,10,87,3650,1453
"peterzen/insight-api",0,0,0,0,0,0,0,0,0,0,4,"2017-06-13 20:11:38 UTC","2017-07-25 21:13:59 UTC",3632541,84.0865972222222,1,5,184,1
"petscheit/atomicswap",0,0,0,0,0,0,0,0,0,0,2,"2017-12-20 13:57:41 UTC","2017-12-20 14:39:47 UTC",2526,0.0584722222222222,0,4,108,27
"raedah/testnetfaucet",0,0,0,0,0,0,0,0,0,0,1,"2017-04-11 22:37:22 UTC","2017-04-11 22:37:22 UTC",0,0,NA,NA,NA,NA
"shweini/dcrrpcclient",0,0,0,0,0,0,0,0,0,0,1,"2017-10-08 06:58:48 UTC","2017-10-08 08:28:07 UTC",5359,0.124050925925926,0,2,8,8
"sndurkin/politeiagui",0,1,0,0,0,0,5,210,74,0,105,"2017-10-26 00:08:18 UTC","2018-11-26 02:36:21 UTC",34226883,792.288958333333,43,156,10364,8243
"DesWurstes/atomicswap",0,0,9,0,9,0,28,188,138,0,68,"2017-11-02 13:27:56 UTC","2018-03-19 14:25:51 UTC",11840275,274.080439814815,1,20,2330,278
"alexlyp/testnetfaucet",0,0,0,0,0,0,0,0,0,0,7,"2017-02-10 21:37:07 UTC","2017-11-08 20:49:09 UTC",23411522,541.93337962963,4,19,269,103
"anthonyfranks/dcrdocs",0,0,0,0,0,0,0,0,0,0,2,"2017-10-24 22:05:55 UTC","2017-10-24 22:08:35 UTC",160,0.0037037037037037,2,4,4,4
"hypernoob/politeiagui",0,0,0,0,0,0,0,0,0,0,2,"2017-11-18 10:18:23 UTC","2017-11-18 10:18:45 UTC",22,0.000509259259259259,1,4,4,4
"infertux/dcrstakepool",0,0,0,0,0,0,0,0,0,0,3,"2017-10-20 02:55:43 UTC","2017-12-27 18:30:42 UTC",5934899,137.381921296296,1,6,36,31
"karamble/dcrstakepool",0,0,0,0,0,0,0,0,0,0,32,"2017-02-02 20:39:22 UTC","2018-09-07 14:37:34 UTC",50259492,1163.41416666667,5,43,13589,10660
"karamble/hardforkdemo",0,0,0,0,0,0,0,0,0,0,121,"2017-02-09 16:29:51 UTC","2017-09-30 11:42:41 UTC",20110370,465.517824074074,23,245,67089,31996
"magnus-staberg/dcrweb",0,0,0,0,0,0,0,0,0,0,3,"2017-12-15 20:51:00 UTC","2017-12-19 15:21:09 UTC",325809,7.541875,1,2,13,13
"oktapodia/politeiagui",0,0,1,0,0,0,102,5280,1118,0,11,"2017-10-26 16:15:15 UTC","2017-11-06 18:24:50 UTC",961775,22.2633101851852,4,54,5141,798
"oshimish/dcrstakepool",0,0,0,0,0,0,0,0,0,0,2,"2017-07-10 17:41:18 UTC","2017-10-09 00:06:58 UTC",7799140,180.535648148148,NA,NA,NA,NA
"pedrotst/dcrstakepool",0,0,0,0,0,0,0,0,0,0,1,"2017-07-31 15:45:39 UTC","2017-07-31 15:45:39 UTC",0,0,1,2,2,2
"rgeraldes/politeiagui",0,0,0,0,0,0,0,0,0,0,1,"2017-11-06 23:18:33 UTC","2017-11-06 23:19:55 UTC",82,0.00189814814814815,1,2,70,42
"dajohi/decred-binaries",0,0,0,0,0,0,0,0,0,0,2,"2017-08-18 14:54:29 UTC","2018-08-11 23:26:42 UTC",30961933,716.711412037037,10,22,4910,158
"dandehavilland/dcrdocs",0,0,0,0,0,0,0,0,0,0,1,"2017-03-16 14:06:45 UTC","2017-03-16 14:06:45 UTC",0,0,1,2,16,16
"dunkthelunk/atomicswap",0,0,1,0,1,0,2,2,2,0,2,"2017-12-11 18:28:40 UTC","2017-12-11 18:50:13 UTC",1293,0.0299305555555556,0,3,3,3
"karamble/testnetfaucet",0,0,0,0,0,0,0,0,0,0,3,"2017-02-13 16:31:08 UTC","2017-02-23 02:43:01 UTC",814313,18.849837962963,2,5,185,35
"marcopeereboom/dcrtime",0,0,0,0,0,0,0,0,0,0,3,"2017-06-09 21:44:32 UTC","2017-06-20 19:18:10 UTC",941618,21.796712962963,3,5,103,67
"alvinjoelsantos/dcrdocs",0,0,0,0,0,0,0,0,0,0,1,"2017-12-10 09:18:41 UTC","2017-12-10 09:18:41 UTC",0,0,1,2,2,2
"brunobraga95/decrediton",0,0,0,0,0,0,0,0,0,0,4,"2017-12-28 20:06:47 UTC","2017-12-29 18:17:53 UTC",79866,1.84875,0,5,113,39
"decred-china/decrediton",0,0,0,0,0,0,0,0,0,0,2,"2017-12-06 10:18:27 UTC","2017-12-08 13:50:53 UTC",185546,4.2950462962963,NA,NA,NA,NA
"detailyang/dcrstakepool",0,0,0,0,0,0,0,0,0,0,5,"2017-12-03 12:28:08 UTC","2017-12-11 17:09:43 UTC",708095,16.391087962963,0,9,8,6
"gratefulcheddar/dcrdocs",0,0,0,0,0,0,0,0,0,0,129,"2017-01-18 01:49:32 UTC","2017-12-16 04:10:02 UTC",28693230,664.195138888889,20,76,15555,4093
"gratefulcheddar/gominer",0,0,0,0,0,0,0,0,0,0,1,"2017-03-30 02:14:33 UTC","2017-03-30 02:14:33 UTC",0,0,1,2,2,2
"jholdstock/dcr-netstats",0,0,0,0,0,0,0,0,0,0,4,"2017-05-30 15:24:18 UTC","2017-10-08 13:46:27 UTC",11312529,261.864097222222,1,2,4,4
"jholdstock/hardforkdemo",0,0,0,0,0,0,0,0,0,0,8,"2017-08-10 19:14:23 UTC","2017-10-06 20:38:45 UTC",4929862,114.117175925926,2,4,180,3
"gabrielboliveira/gominer",0,0,0,0,0,0,0,0,0,0,3,"2017-08-09 04:32:01 UTC","2017-10-02 12:24:34 UTC",4693953,108.656319444444,1,5,494,76
"jcvernaleo/decred-seeder",0,0,0,0,0,0,0,0,0,0,4,"2017-03-15 16:10:00 UTC","2018-03-06 17:50:23 UTC",30764423,712.139421296296,4,8,36,26
"Jdave9036/decred-binaries",0,0,0,0,0,0,0,0,0,0,1,"2018-01-01 08:18:44 UTC","2018-01-01 08:18:44 UTC",0,0,NA,NA,NA,NA
"RogueElement/dcrrpcclient",0,0,0,0,0,0,0,0,0,0,3,"2017-09-12 19:40:50 UTC","2017-09-13 10:40:57 UTC",54007,1.25016203703704,1,6,149,0
"decred-china/dcrstakepool",0,0,0,0,0,0,0,0,0,0,14,"2017-12-08 16:18:28 UTC","2017-12-22 06:14:59 UTC",1173391,27.1618287037037,NA,NA,NA,NA
"detailyang/decred-release",0,0,0,0,0,0,0,0,0,0,3,"2017-10-11 05:53:46 UTC","2017-10-11 06:29:37 UTC",2151,0.0497916666666667,0,3,5,1
"marcopeereboom/dcrstakepool",0,0,0,0,0,0,0,0,0,0,42,"2017-04-19 15:47:11 UTC","2017-05-02 19:13:33 UTC",1135582,26.2866203703704,9,70,7698,2771
"tiagoalvesdulce/politeiagui",0,0,0,0,0,0,0,0,0,0,105,"2017-11-16 22:09:58 UTC","2018-12-10 13:20:59 UTC",33577861,777.265300925926,93,357,30815,22116
"underscoreingsoc/atomicswap",0,0,0,0,0,0,0,0,0,0,1,"2017-09-21 10:20:07 UTC","2017-09-21 10:20:07 UTC",0,0,0,1,9,0
"Jascha-Sundaresan/decrediton",0,1,0,0,0,1,4,234,114,0,286,"2017-10-12 03:51:57 UTC","2017-12-01 09:14:16 UTC",4342939,100.53099537037,13,150,25341,8113
"fernandoabolafio/politeiagui",0,0,0,0,0,0,0,0,0,0,211,"2017-11-21 17:46:10 UTC","2019-01-02 14:16:43 UTC",35152233,813.709097222222,97,390,18528,7903
"gratefulcheddar/dcrstakepool",0,0,0,0,0,0,0,0,0,0,2,"2017-02-17 01:58:33 UTC","2017-02-17 18:55:15 UTC",61002,1.41208333333333,1,3,10,4
"gratefulcheddar/hardforkdemo",0,0,0,0,0,0,0,0,0,0,1,"2017-02-16 23:38:30 UTC","2017-02-16 23:38:30 UTC",0,0,0,2,2,2
"captain-redbeard/dcrstakepool",0,0,0,0,0,0,0,0,0,0,21,"2017-03-27 12:00:38 UTC","2017-04-14 02:07:42 UTC",1519624,35.1764814814815,1,42,48619,2790
"jrick/decred-windows-installer",0,0,0,0,0,0,0,0,0,0,6,"2017-08-15 20:06:28 UTC","2017-09-22 19:17:41 UTC",3280273,75.9322453703704,6,13,33,33
"peterzen/bitcore-wallet-client",0,0,0,0,0,0,0,0,0,0,1,"2017-05-06 02:19:24 UTC","2017-06-06 23:51:37 UTC",2755933,63.7947453703704,1,2,64,4
"peterzen/bitcore-wallet-service",0,0,0,0,0,0,0,0,0,0,14,"2017-05-04 05:13:33 UTC","2017-07-21 21:56:21 UTC",6799368,157.392777777778,3,10,236,55
"CNXTEoEorg/dcps",0,0,0,0,0,0,0,0,0,0,0,"2017-10-14 07:53:32 UTC","2017-10-14 07:53:32 UTC",0,0,NA,NA,NA,NA
"CNXTEoEorg/base58",0,0,0,0,0,0,0,0,0,0,0,"2017-10-14 07:31:08 UTC","2017-10-14 07:31:08 UTC",0,0,NA,NA,NA,NA
"CNXTEoEorg/dcrweb",0,0,0,0,0,0,0,0,0,0,0,"2017-10-14 07:45:20 UTC","2017-10-14 07:45:20 UTC",0,0,NA,NA,NA,NA
"aldoiljazi/dcrweb",0,0,1,0,0,0,2,6,6,0,0,"2017-08-28 16:28:18 UTC","2017-08-29 12:09:38 UTC",70880,1.64074074074074,1,2,6,6
"OriginalMy/dcrtime",0,0,0,0,0,0,0,0,0,0,0,"2017-10-18 11:16:02 UTC","2017-10-18 11:16:02 UTC",0,0,NA,NA,NA,NA
"Thecarisma/dcrdata",0,0,0,0,0,0,0,0,0,0,11,"2017-12-23 16:32:51 UTC","2018-05-08 23:09:12 UTC",11770581,272.467152777778,NA,NA,NA,NA
"frigid0122/dcrdocs",0,0,0,0,0,0,0,0,0,0,0,"2017-06-08 07:24:08 UTC","2017-06-08 07:24:08 UTC",0,0,NA,NA,NA,NA
"CNXTEoEorg/dcrdocker",0,0,0,0,0,0,0,0,0,0,0,"2017-10-14 07:29:53 UTC","2017-10-14 07:29:53 UTC",0,0,NA,NA,NA,NA
"CNXTEoEorg/dcrwallet",0,0,0,0,0,0,0,0,0,0,0,"2017-10-14 07:07:19 UTC","2017-10-14 07:07:19 UTC",0,0,NA,NA,NA,NA
"CNXTEoEorg/dcrwebapi",0,0,0,0,0,0,0,0,0,0,0,"2017-10-14 07:29:07 UTC","2017-10-14 07:29:07 UTC",0,0,NA,NA,NA,NA
"bitfalcon/atomicswap",0,0,0,0,0,0,0,0,0,0,0,"2017-11-13 11:39:43 UTC","2017-11-13 11:39:43 UTC",0,0,NA,NA,NA,NA
"johndpope/atomicswap",0,0,0,0,0,0,0,0,0,0,0,"2017-09-22 02:01:37 UTC","2017-09-22 02:01:37 UTC",0,0,NA,NA,NA,NA
"CNXTEoEorg/atomicswap",0,0,0,0,0,0,0,0,0,0,0,"2017-10-14 07:48:07 UTC","2017-10-14 07:48:07 UTC",0,0,NA,NA,NA,NA
"CNXTEoEorg/dcraddrgen",0,0,0,0,0,0,0,0,0,0,0,"2017-10-14 07:29:31 UTC","2017-10-14 07:29:31 UTC",0,0,NA,NA,NA,NA
"CNXTEoEorg/decrediton",0,0,0,0,0,0,0,0,0,0,0,"2017-09-29 18:36:06 UTC","2017-10-14 07:28:48 UTC",1255962,29.0731944444444,NA,NA,NA,NA
"feeed-cc/dcrstakepool",0,0,0,0,0,0,0,0,0,0,0,"2017-11-15 08:29:55 UTC","2017-11-15 08:29:55 UTC",0,0,NA,NA,NA,NA
"CNXTEoEorg/dcrstakepool",0,0,0,0,0,0,0,0,0,0,0,"2017-10-15 19:57:52 UTC","2017-10-15 19:57:52 UTC",0,0,NA,NA,NA,NA
"CNXTEoEorg/hardforkdemo",0,0,0,0,0,0,0,0,0,0,0,"2017-10-14 07:47:32 UTC","2017-10-14 07:47:32 UTC",0,0,NA,NA,NA,NA
"bitcoin-atom/atomicswap",1,0,0,1,0,0,30,10774,344,4,1,"2017-12-28 18:25:57 UTC","2018-12-19 15:14:34 UTC",30746917,711.734189814815,NA,NA,NA,NA
"taishan90/decred-binaries",0,0,0,0,0,0,0,0,0,0,0,"2017-12-12 12:52:22 UTC","2017-12-12 12:52:22 UTC",0,0,NA,NA,NA,NA
"CNXTEoEorg/decred-binaries",0,0,0,0,0,0,0,0,0,0,0,"2017-10-14 07:54:39 UTC","2017-10-14 07:54:39 UTC",0,0,NA,NA,NA,NA
"jokyjor/dcrd",0,0,0,0,0,0,0,0,0,0,0,"2017-11-18 09:19:37 UTC","2017-11-18 09:19:37 UTC",0,0,NA,NA,NA,NA
"atriviss/dcrd",0,0,0,0,0,0,0,0,0,0,0,"2017-07-27 19:37:55 UTC","2017-07-27 19:37:55 UTC",0,0,1,2,36,36
"davecgh/copay",0,0,0,0,0,0,0,0,0,0,0,"2017-03-28 06:53:07 UTC","2017-03-28 06:53:07 UTC",0,0,1,2,4,4
"peterzen/dcrd",0,0,0,0,0,0,0,0,0,0,0,"2017-04-27 22:24:22 UTC","2017-04-27 22:24:22 UTC",0,0,1,2,2,2
"dajohi/dcrdocs",0,0,0,0,0,0,0,0,0,0,6,"2017-08-18 18:08:13 UTC","2018-10-31 20:55:41 UTC",37943248,878.315925925926,10,24,632,641
"alexlyp/dcrdocs",0,0,0,0,0,0,0,0,0,0,0,"2017-12-15 17:10:27 UTC","2018-05-10 15:39:43 UTC",12605356,291.790648148148,3,6,55,59
"atweiden/dcrweb",0,0,0,0,0,0,0,0,0,0,0,"2017-02-19 04:06:56 UTC","2017-02-19 04:06:56 UTC",0,0,1,10,10,10
"enviable/dcrweb",0,0,0,0,0,0,0,0,0,0,0,"2017-07-31 01:10:09 UTC","2017-07-31 18:21:08 UTC",61859,1.4319212962963,1,2,6,12
"infertux/dcrweb",0,0,0,0,0,0,0,0,0,0,5,"2017-10-27 05:16:29 UTC","2018-10-07 10:53:39 UTC",29828230,690.468287037037,2,8,154,202
"jolan/dcrwebapi",0,0,0,0,0,0,0,0,0,0,0,"2017-10-25 16:11:44 UTC","2017-10-25 16:11:44 UTC",0,0,0,2,32,0
"teknico/dcrtime",0,0,0,0,0,0,0,0,0,0,0,"2017-10-18 07:13:14 UTC","2017-10-18 07:13:14 UTC",0,0,1,2,24,32
"teknico/gominer",0,0,0,0,0,0,0,0,0,0,0,"2017-10-18 09:02:52 UTC","2017-10-18 09:02:52 UTC",0,0,1,2,24,28
"epaminond/dcrweb",0,0,0,0,0,0,0,0,0,0,0,"2017-10-06 06:19:30 UTC","2017-10-06 06:19:30 UTC",0,0,0,2,2,2
"terki/Paymetheus",0,0,0,0,0,0,0,0,0,0,0,"2017-07-28 09:25:09 UTC","2017-07-28 09:25:09 UTC",0,0,NA,NA,NA,NA
"dajohi/Paymetheus",0,0,0,0,0,0,0,0,0,0,0,"2017-08-15 16:50:26 UTC","2017-08-16 12:59:40 UTC",72554,1.67949074074074,2,4,10,10
"jolan/politeiagui",0,0,0,0,0,0,0,0,0,0,0,"2017-11-15 23:07:08 UTC","2017-11-22 19:16:14 UTC",590946,13.6793055555556,0,2,2,2
"infertux/dcrwallet",0,0,0,0,0,0,0,0,0,0,0,"2017-11-30 08:33:34 UTC","2017-11-30 08:33:34 UTC",0,0,0,3,80,18
"jolan/hardforkdemo",0,0,0,0,0,0,0,0,0,0,0,"2017-02-10 17:11:16 UTC","2017-02-10 17:11:16 UTC",0,0,1,2,8,8
"teknico/atomicswap",0,0,0,0,0,0,0,0,0,0,0,"2017-10-17 12:52:32 UTC","2017-10-17 13:03:11 UTC",639,0.0147916666666667,1,2,20,28
"YSTomar/insight-api",0,0,0,0,0,0,0,0,0,0,0,"2017-11-07 06:18:35 UTC","2017-11-07 06:18:35 UTC",0,0,1,2,2,2
"dnldd/testnetfaucet",0,0,0,0,0,0,0,0,0,0,0,"2017-07-19 21:48:11 UTC","2017-07-19 21:48:11 UTC",0,0,0,2,42,28
"rgeraldes/dcrwallet",0,0,0,0,0,0,0,0,0,0,0,"2017-12-21 01:07:37 UTC","2017-12-21 01:07:37 UTC",0,0,0,2,202,0
"alexlyp/dcr-netstats",0,0,0,0,0,0,0,0,0,0,0,"2017-05-11 15:00:47 UTC","2017-05-11 15:00:47 UTC",0,0,1,2,0,0
"alexlyp/react-select",0,0,0,0,0,0,0,0,0,0,0,"2017-07-14 15:33:41 UTC","2017-07-14 15:33:41 UTC",0,0,NA,NA,NA,NA
"druonysus/decrediton",0,0,0,0,0,0,0,0,0,0,0,"2017-12-31 03:29:14 UTC","2017-12-31 03:29:14 UTC",0,0,1,2,20,0
"teknico/dcrstakepool",0,0,0,0,0,0,0,0,0,0,0,"2017-10-17 14:55:05 UTC","2017-10-17 14:55:05 UTC",0,0,1,4,154,182
"jrick/decred-binaries",0,0,0,0,0,0,0,0,0,0,0,"2017-10-31 16:29:22 UTC","2017-10-31 16:42:30 UTC",788,0.0182407407407407,1,2,4,2
"mverrilli/dcrstakepool",0,0,0,0,0,0,0,0,0,0,0,"2017-02-07 13:56:25 UTC","2017-02-07 14:02:53 UTC",388,0.00898148148148148,NA,NA,NA,NA
"themsquared/dcrstakepool",0,0,0,0,0,0,0,0,0,0,0,"2017-02-11 17:38:43 UTC","2017-02-11 17:38:43 UTC",0,0,NA,NA,NA,NA
"alexlyp/crypto-browserify",0,0,0,0,0,0,0,0,0,0,0,"2017-06-29 19:55:05 UTC","2017-06-29 21:41:28 UTC",6383,0.14775462962963,3,6,1578,12
"jolan/decred-irc-price-bot",0,0,0,0,0,0,0,0,0,0,0,"2017-02-02 16:23:42 UTC","2017-02-02 16:23:42 UTC",0,0,NA,NA,NA,NA
"dajohi/decred-windows-installer",0,0,0,0,0,0,0,0,0,0,0,"2017-08-15 20:43:14 UTC","2017-08-15 22:29:27 UTC",6373,0.147523148148148,2,6,14,14
"BlockLink/dcrwallet",0,0,0,0,0,0,0,0,0,0,0,"2017-10-16 05:12:28 UTC","2017-10-16 05:12:28 UTC",0,0,NA,NA,NA,NA
"TechnicalInterviewPrep/decrediton",0,0,0,0,0,0,0,0,0,0,0,"2017-07-30 02:24:46 UTC","2017-07-30 02:24:46 UTC",0,0,NA,NA,NA,NA
"JFixby/base58",0,0,0,0,0,0,0,0,0,1,4,"2018-09-15 17:26:24 UTC","2018-09-15 17:46:03 UTC",1179,0.0272916666666667,NA,NA,NA,NA
"bofhcoin/dcrd",1,0,0,1,0,0,102,6553,5684,1,4,"2018-03-14 08:50:04 UTC","2018-04-05 18:27:12 UTC",1931828,44.7182407407407,NA,NA,NA,NA
"EXCCoin/gominer",0,0,2,0,2,0,90,4729,21472,1,39,"2018-06-21 13:33:08 UTC","2018-12-18 11:42:18 UTC",15548950,359.929398148148,NA,NA,NA,NA
"bitbill/bitcore",0,0,0,0,0,0,0,0,0,1,1,"2018-06-25 03:00:07 UTC","2018-09-03 00:00:52 UTC",6037245,139.751041666667,NA,NA,NA,NA
"GlenDC/atomicswap",0,0,0,0,0,0,0,0,0,1,13,"2018-06-17 18:21:04 UTC","2018-09-23 09:54:17 UTC",8436793,195.296134259259,1,2,8,0
"cerebr/atomicswap",0,0,0,0,0,0,0,0,0,1,0,"2018-03-21 05:26:50 UTC","2018-03-21 05:26:50 UTC",0,0,NA,NA,NA,NA
"collins-b/dcrdata",0,0,0,0,0,0,0,0,0,1,0,"2018-05-26 05:57:54 UTC","2018-05-26 05:57:54 UTC",0,0,NA,NA,NA,NA
"rivine/atomicswap",0,0,2,0,2,0,18,940993,176,2,21,"2018-03-08 21:50:34 UTC","2018-09-20 10:56:26 UTC",16891552,391.008148148148,NA,NA,NA,NA
"bofhcoin/dcrwallet",0,0,0,0,0,0,0,0,0,1,0,"2018-04-05 18:28:57 UTC","2018-04-05 18:28:57 UTC",0,0,NA,NA,NA,NA
"ahussein/atomicswap",0,0,0,0,0,0,0,0,0,1,5,"2018-06-25 17:33:16 UTC","2018-09-05 13:40:25 UTC",6206829,143.676597222222,NA,NA,NA,NA
"hybridnetwork/base58",0,0,0,0,0,0,0,0,0,1,0,"2018-04-13 01:06:36 UTC","2018-04-13 01:06:36 UTC",0,0,NA,NA,NA,NA
"sensecollective/dcrd",0,0,0,0,0,0,0,0,0,1,0,"2018-02-20 08:08:01 UTC","2018-02-20 08:08:01 UTC",0,0,NA,NA,NA,NA
"wakiyamap/atomicswap",0,1,0,0,0,0,2,2492,0,1,1,"2018-02-19 16:02:08 UTC","2018-03-15 01:52:33 UTC",2022625,46.8200231481481,NA,NA,NA,NA
"hybridnetwork/bitcore",0,2,1,0,1,2,6,212,80,2,3,"2018-02-15 22:32:51 UTC","2018-06-05 22:56:02 UTC",9501791,219.948865740741,0,2,206,80
"hybridnetwork/gominer",0,0,0,0,0,0,0,0,0,1,0,"2018-04-12 05:59:20 UTC","2018-04-13 01:08:39 UTC",68959,1.59627314814815,NA,NA,NA,NA
"hybridnetwork/insight",0,12,0,0,0,12,128,14359,2246,4,11,"2018-02-21 18:13:57 UTC","2018-04-13 01:09:47 UTC",4341350,100.494212962963,NA,NA,NA,NA
"raedahgroup/dcrwallet",0,2,1,0,0,1,94,16113,5080,1,82,"2018-03-07 19:51:34 UTC","2018-11-29 13:40:38 UTC",23046544,533.484814814815,1,94,45388,9119
"cryptobotai/atomicswap",0,0,0,0,0,0,0,0,0,1,0,"2018-03-16 07:07:01 UTC","2018-03-16 07:07:01 UTC",0,0,NA,NA,NA,NA
"bank2bank/decred-binaries",0,0,0,0,0,0,0,0,0,1,0,"2018-09-28 22:55:11 UTC","2018-09-28 22:55:11 UTC",0,0,NA,NA,NA,NA
"hybridnetwork/insight-api",0,5,2,0,2,4,30,1708,625,2,7,"2018-02-15 22:30:48 UTC","2018-04-13 01:09:16 UTC",4844308,112.136759259259,NA,NA,NA,NA
"hybridnetwork/testnetfaucet",0,0,0,0,0,0,0,0,0,1,3,"2018-02-26 07:23:27 UTC","2018-04-13 01:12:09 UTC",3948522,91.4009722222222,NA,NA,NA,NA
"kLkA/dcrd",0,0,0,0,0,0,0,0,0,0,21,"2018-05-23 21:51:46 UTC","2018-12-28 13:20:32 UTC",18894526,437.373287037037,2,9,997,831
"faelv/dcrd",0,0,0,0,0,0,0,0,0,0,1,"2018-11-20 13:10:45 UTC","2018-11-20 13:10:45 UTC",0,0,NA,NA,NA,NA
"knaxo/dcrd",0,0,0,0,0,0,0,0,0,0,39,"2018-06-13 06:27:29 UTC","2018-06-26 20:35:41 UTC",1174092,27.1780555555556,NA,NA,NA,NA
"nwops/dcrd",0,0,0,0,0,0,0,0,0,0,7,"2018-10-02 19:19:15 UTC","2018-10-10 00:11:36 UTC",622341,14.4060416666667,1,3,229,6
"JFixby/dcrd",0,0,0,0,0,0,0,0,0,0,183,"2018-06-05 15:49:27 UTC","2018-11-12 10:03:37 UTC",13806850,319.603009259259,4,34,6131,3384
"Sarlor/dcrd",0,0,0,0,0,0,0,0,0,0,12,"2018-08-14 09:31:19 UTC","2019-01-04 08:10:17 UTC",12353938,285.970787037037,3,19,54,62
"vctt94/dcrd",0,0,0,0,0,0,0,0,0,0,34,"2018-03-12 11:42:17 UTC","2018-11-30 18:51:58 UTC",22748981,526.596782407407,3,13,538,142
"Zergity/dcrd",0,0,0,0,0,0,0,0,0,0,4,"2018-07-16 08:55:26 UTC","2018-08-03 09:13:07 UTC",1556261,36.0245601851852,NA,NA,NA,NA
"kala/bitcore",0,0,0,0,0,0,0,0,0,0,2,"2018-02-03 10:49:16 UTC","2018-02-10 14:26:44 UTC",617848,14.302037037037,NA,NA,NA,NA
"PicFight/dcrd",0,2,0,0,0,2,8,206,0,0,5,"2018-07-25 19:35:05 UTC","2018-07-25 20:18:18 UTC",2593,0.0600231481481481,NA,NA,NA,NA
"dajohi/authit",0,0,0,0,0,0,0,0,0,0,3,"2018-12-12 15:45:12 UTC","2018-12-12 18:51:11 UTC",11159,0.258310185185185,1,2,13,0
"degeri/authit",0,0,0,0,0,0,0,0,0,0,3,"2018-12-21 06:39:48 UTC","2018-12-26 16:40:34 UTC",468046,10.8343981481481,1,4,4,2
"degeri/dcrweb",0,0,0,0,0,0,0,0,0,0,1,"2018-07-30 15:49:06 UTC","2018-07-30 15:49:06 UTC",0,0,2,3,11,2
"dnldd/gominer",0,0,0,0,0,0,0,0,0,0,1,"2018-08-10 18:12:01 UTC","2018-08-11 04:06:56 UTC",35695,0.826273148148148,0,1,37,14
"ggoranov/dcrd",0,0,0,0,0,0,0,0,0,0,1,"2018-10-03 09:59:29 UTC","2018-10-10 11:19:33 UTC",609604,14.1112037037037,1,5,6,1660
"nwops/dcrdata",0,0,0,0,0,0,0,0,0,0,39,"2018-08-22 02:41:01 UTC","2018-08-30 02:25:46 UTC",690285,15.9788194444444,2,11,817,132
"pinqy520/dcrd",0,0,0,0,0,0,0,0,0,0,1,"2018-06-02 03:52:38 UTC","2018-06-02 03:52:38 UTC",0,0,NA,NA,NA,NA
"s-ben/dcrdata",0,0,0,0,0,0,0,0,0,0,7,"2018-09-19 22:30:12 UTC","2018-10-09 22:54:44 UTC",1729472,40.0340740740741,2,12,2490,92
"s-ben/dcrdocs",0,1,0,0,0,1,2,144,272,0,34,"2018-08-30 19:34:24 UTC","2018-12-21 05:48:04 UTC",9717220,224.935648148148,23,124,2248,1151
"vctt94/authit",0,0,0,0,0,0,0,0,0,0,1,"2018-12-14 18:32:55 UTC","2018-12-14 19:12:17 UTC",2362,0.0546759259259259,1,4,71,2
"EXCCoin/base58",0,0,0,0,0,0,0,0,0,0,1,"2018-05-15 08:27:35 UTC","2018-09-14 08:18:12 UTC",10540237,243.986967592593,NA,NA,NA,NA
"JFixby/dcrdata",0,1,0,0,0,1,2,40,32,0,336,"2018-05-28 13:41:25 UTC","2018-08-20 18:41:12 UTC",7275587,168.416365740741,12,107,5802,381
"JFixby/dcrdocs",0,0,0,0,0,0,0,0,0,0,1,"2018-05-22 12:30:13 UTC","2018-05-22 12:30:13 UTC",0,0,1,2,2,2
"dajohi/dcrdata",0,0,0,0,0,0,0,0,0,0,3,"2018-02-27 00:11:17 UTC","2018-06-26 18:43:00 UTC",10344703,239.460717592593,2,6,475,588
"davecgh/dcrlnd",0,0,0,0,0,0,0,0,0,0,1,"2018-05-18 15:38:51 UTC","2018-07-26 22:07:05 UTC",5984894,138.539212962963,NA,NA,NA,NA
"degeri/dcrdata",0,0,0,0,0,0,0,0,0,0,5,"2018-10-10 17:44:46 UTC","2018-11-27 15:14:15 UTC",4141769,95.8742824074074,2,4,7,7
"dmigwi/dcrdata",0,4,0,0,0,3,32,2742,409,0,656,"2018-04-09 18:09:52 UTC","2018-11-14 20:12:17 UTC",18932545,438.253356481481,26,291,19872,5156
"girino/dcrdata",0,0,0,0,0,0,0,0,0,0,6,"2018-03-25 13:50:25 UTC","2018-03-30 04:10:33 UTC",397208,9.19462962962963,1,4,102,57
"hypernoob/dcrd",0,0,3,0,3,0,16,78,64,0,15,"2018-06-08 05:44:37 UTC","2018-07-12 13:37:40 UTC",2965983,68.6570138888889,5,11,87,73
"jcliff/dcrdocs",0,0,0,0,0,0,0,0,0,0,1,"2018-05-03 05:25:42 UTC","2018-05-03 05:25:42 UTC",0,0,0,2,16,2
"jpbriquet/dcrd",0,0,0,0,0,0,0,0,0,0,6,"2018-04-08 08:36:03 UTC","2018-11-03 14:12:58 UTC",18081415,418.551273148148,NA,NA,NA,NA
"kLkA/dcrwallet",0,0,0,0,0,0,0,0,0,0,106,"2018-04-28 20:44:58 UTC","2018-11-12 21:36:09 UTC",17113871,396.154421296296,3,16,819,170
"mc-aeq/gominer",0,0,0,0,0,0,0,0,0,0,4,"2018-04-14 07:49:34 UTC","2018-04-16 15:11:29 UTC",199315,4.61377314814815,NA,NA,NA,NA
"obxium/dcrdocs",0,0,0,0,0,0,0,0,0,0,9,"2018-04-05 15:52:24 UTC","2018-04-12 16:53:56 UTC",608492,14.085462962963,2,6,95,65
"orthomind/dcrd",0,0,0,0,0,0,0,0,0,0,17,"2018-06-20 13:39:55 UTC","2018-07-10 03:41:22 UTC",1692087,39.1686805555556,2,8,192,246
"red010b37/dcrd",0,0,0,0,0,0,0,0,0,0,1,"2018-06-25 08:03:11 UTC","2018-06-25 08:03:11 UTC",0,0,NA,NA,NA,NA
"s-ben/politeia",0,0,0,0,0,0,0,0,0,0,19,"2018-09-12 17:36:57 UTC","2018-12-13 23:11:38 UTC",7972481,184.548171296296,0,6,1629,105
"vkbcel/bitcore",0,0,0,0,0,0,0,0,0,0,5,"2018-08-23 04:03:46 UTC","2018-08-23 05:15:20 UTC",4294,0.0993981481481482,NA,NA,NA,NA
"EveSnow/bitcore",0,0,0,0,0,0,0,0,0,0,7,"2018-09-27 09:31:20 UTC","2018-10-23 02:59:49 UTC",2222909,51.4562268518519,0,6,115396,168
"Guang168/dcrweb",0,0,0,0,0,0,0,0,0,0,2,"2018-12-17 02:36:21 UTC","2018-12-18 01:39:39 UTC",82998,1.92125,1,2,2,2
"ZeroASIC/dcrweb",0,0,0,0,0,0,0,0,0,0,52,"2018-10-24 21:41:41 UTC","2019-01-04 19:54:49 UTC",6217988,143.934907407407,11,76,2449,2171
"aerth/dcrwallet",0,0,0,0,0,0,0,0,0,0,8,"2018-09-28 01:04:15 UTC","2018-10-08 20:04:04 UTC",932389,21.5830787037037,2,4,107,76
"chappjc/dcrdata",0,2,0,0,0,1,5,57,42,0,317,"2018-02-27 00:06:08 UTC","2019-01-05 14:59:15 UTC",27010387,625.240439814815,135,585,38253,22733
"degeri/politeia",0,0,0,0,0,0,0,0,0,0,1,"2018-11-08 07:34:00 UTC","2018-11-08 07:34:00 UTC",0,0,1,2,4,0
"eball/dcrwebapi",0,0,0,0,0,0,0,0,0,0,2,"2018-10-14 10:04:46 UTC","2018-10-21 01:00:36 UTC",572150,13.244212962963,1,3,12,0
"faelv/dcrwallet",0,0,0,0,0,0,0,0,0,0,1,"2018-11-20 13:14:56 UTC","2018-11-20 13:14:56 UTC",0,0,NA,NA,NA,NA
"horus20/bitcore",0,0,0,0,0,0,0,0,0,0,2,"2018-05-07 02:57:53 UTC","2018-08-31 12:06:42 UTC",10055329,232.76224537037,1,2,2,2
"jzbz/dcrandroid",0,0,0,0,0,0,0,0,0,0,1,"2018-12-23 20:38:23 UTC","2018-12-23 20:38:23 UTC",0,0,1,2,4,4
"lealife/insight",0,0,0,0,0,0,0,0,0,0,1,"2018-06-08 08:46:46 UTC","2018-06-08 08:46:46 UTC",0,0,NA,NA,NA,NA
"leon-do/bitcore",0,0,0,0,0,0,0,0,0,0,4,"2019-01-03 01:20:44 UTC","2019-01-03 16:19:54 UTC",53950,1.24884259259259,0,6,14,2
"lukebp/politeia",0,0,0,0,0,0,0,0,0,0,223,"2018-05-03 04:37:11 UTC","2019-01-04 17:36:26 UTC",21304755,493.165625,45,124,20726,9077
"matadormel/dcrd",0,0,0,0,0,0,0,0,0,0,2,"2018-05-31 15:50:27 UTC","2018-06-07 09:10:29 UTC",580802,13.4444907407407,1,6,6,6
"rmykolas/dcrweb",0,0,0,0,0,0,0,0,0,0,98,"2018-05-10 14:17:48 UTC","2019-01-04 07:50:40 UTC",20629972,477.545648148148,21,200,8859,1892
"snadorp/dcrdata",0,0,0,0,0,0,0,0,0,0,1,"2018-07-22 13:10:49 UTC","2018-07-23 11:45:55 UTC",81306,1.88208333333333,1,3,12,2
"DCadenza/dcrdata",0,0,0,0,0,0,0,0,0,0,2,"2018-09-14 11:32:35 UTC","2018-09-14 11:35:39 UTC",184,0.00425925925925926,NA,NA,NA,NA
"JFixby/dcrwallet",0,0,0,0,0,0,0,0,0,0,84,"2018-05-26 19:55:13 UTC","2018-10-10 09:32:41 UTC",11799448,273.13537037037,1,3,3657,3360
"ZeroASIC/dcrdata",0,0,0,0,0,0,0,0,0,0,20,"2018-12-06 02:03:53 UTC","2018-12-26 19:07:29 UTC",1789416,41.4216666666667,2,6,24,3
"chappjc/politeia",0,0,0,0,0,0,0,0,0,0,3,"2018-06-20 23:52:20 UTC","2018-06-29 18:11:09 UTC",757129,17.5261342592593,0,1,85,1
"d1pool/dcrwebapi",0,0,0,0,0,0,0,0,0,0,5,"2018-08-09 16:50:04 UTC","2018-09-17 14:30:57 UTC",3361253,77.8067824074074,2,9,31,1
"dajohi/dcrseeder",0,0,0,0,0,0,0,0,0,0,12,"2018-05-07 16:41:57 UTC","2018-08-29 17:59:02 UTC",9854225,228.107060185185,4,10,702,316
"decebal/politeia",0,0,0,0,0,0,0,0,0,0,6,"2018-05-13 22:43:25 UTC","2018-06-13 15:01:48 UTC",2650703,61.3588657407407,1,12,357,260
"faelv/decrediton",0,0,0,0,0,0,0,0,0,0,9,"2018-10-29 19:16:33 UTC","2018-12-14 17:54:46 UTC",3969493,91.886412037037,3,8,60,22
"flintknap/dcrweb",0,0,0,0,0,0,0,0,0,0,1,"2018-09-23 00:40:31 UTC","2018-09-23 00:40:31 UTC",0,0,0,2,0,2
"githubsands/dcrd",1,0,0,1,0,0,254,15880,13020,0,41,"2018-03-08 19:51:12 UTC","2018-11-17 20:02:29 UTC",21946277,508.015671296296,2,17,214,11
"hunjixin/dcrdocs",0,0,0,0,0,0,0,0,0,0,2,"2018-08-16 16:19:21 UTC","2018-08-17 12:26:57 UTC",72456,1.67722222222222,0,2,48,52
"mrekucci/dcrtime",0,0,0,0,0,0,0,0,0,0,3,"2018-03-13 20:01:41 UTC","2018-03-14 18:06:42 UTC",79501,1.84030092592593,2,6,10,52
"njirap/dcrwallet",0,0,0,0,0,0,0,0,0,0,1,"2018-12-11 07:41:32 UTC","2018-12-11 07:41:32 UTC",0,0,NA,NA,NA,NA
"njirap/dcrwebapi",0,0,0,0,0,0,0,0,0,0,4,"2018-12-03 16:09:30 UTC","2018-12-03 16:41:37 UTC",1927,0.0446064814814815,0,2,0,12
"orthomind/dcrweb",0,0,0,0,0,0,0,0,0,0,5,"2018-04-24 01:34:43 UTC","2018-04-25 01:00:04 UTC",84321,1.951875,2,6,62,102
"raedahgroup/dcrd",0,0,0,0,0,0,0,0,0,0,3,"2018-03-07 21:38:11 UTC","2018-05-11 07:26:09 UTC",5561278,128.733287037037,NA,NA,NA,NA
"sefbkn/dcrwallet",0,0,0,0,0,0,0,0,0,0,17,"2018-11-16 02:42:33 UTC","2019-01-03 03:32:03 UTC",4150170,96.06875,0,7,61,13
"David00/dcrwebapi",0,0,0,0,0,0,0,0,0,0,2,"2018-08-30 20:25:59 UTC","2018-09-01 15:57:43 UTC",156704,3.62740740740741,1,2,12,0
"Jujhar/decrediton",1,0,0,1,0,0,4,340,94,0,23,"2018-07-13 00:20:28 UTC","2018-11-17 16:50:32 UTC",11035804,255.458425925926,5,42,1566,66
"Michae2xl/dcrdocs",0,0,0,0,0,0,0,0,0,0,3,"2019-01-02 03:20:25 UTC","2019-01-02 04:11:45 UTC",3080,0.0712962962962963,NA,NA,NA,NA
"YuboZhang/gominer",0,0,0,0,0,0,0,0,0,0,2,"2018-07-25 02:52:55 UTC","2018-07-25 03:43:12 UTC",3017,0.069837962962963,NA,NA,NA,NA
"Zergity/dcrwallet",0,0,0,0,0,0,0,0,0,0,4,"2018-07-27 09:16:15 UTC","2018-08-06 07:28:35 UTC",857540,19.850462962963,NA,NA,NA,NA
"buck54321/dcrdata",0,0,0,0,0,0,3,158,176,0,103,"2018-10-24 17:02:30 UTC","2018-12-29 12:44:31 UTC",5690521,131.725023148148,25,125,8380,3926
"chainchip/gominer",0,0,0,0,0,0,0,0,0,0,2,"2018-08-01 09:14:27 UTC","2018-08-01 11:08:20 UTC",6833,0.158171296296296,NA,NA,NA,NA
"chappjc/dcrdocker",0,0,0,0,0,0,0,0,0,0,2,"2018-11-29 22:07:09 UTC","2018-12-07 18:47:24 UTC",679215,15.7225694444444,3,7,102,22
"degeri/dcrandroid",0,0,0,0,0,0,0,0,0,0,1,"2018-08-10 02:49:17 UTC","2018-08-10 02:49:17 UTC",0,0,0,1,2,2
"dema501/dcrwebapi",0,0,0,0,0,0,0,0,0,0,1,"2018-10-12 20:15:42 UTC","2018-10-12 20:15:42 UTC",0,0,1,2,12,0
"fulldecent/dcrweb",0,0,0,0,0,0,0,0,0,0,1,"2018-11-07 20:02:14 UTC","2018-11-07 20:02:14 UTC",0,0,0,1,4,4
"horus20/crypto-js",0,0,0,0,0,0,0,0,0,0,1,"2018-08-31 12:03:20 UTC","2018-08-31 12:03:20 UTC",0,0,NA,NA,NA,NA
"hsanjuan/politeia",0,0,0,0,0,0,0,0,0,0,1,"2018-07-23 22:49:53 UTC","2018-07-27 22:36:44 UTC",344811,7.98173611111111,1,2,15,37
"kiahmed/dcrwebapi",0,0,0,0,0,0,0,0,0,0,1,"2018-11-28 21:14:55 UTC","2018-11-28 21:22:08 UTC",433,0.0100231481481481,1,1,6,0
"lealife/dcrwebapi",0,0,0,0,0,0,0,0,0,0,1,"2018-07-06 17:11:17 UTC","2018-07-06 17:11:17 UTC",0,0,1,2,12,0
"lte13/politeiagui",0,0,0,0,0,0,0,0,0,0,1,"2018-06-01 18:36:19 UTC","2018-06-01 18:36:19 UTC",0,0,1,2,10,0
"noahpierau/dcrweb",0,0,0,0,0,0,0,0,0,0,2,"2018-09-02 11:16:28 UTC","2018-12-02 16:52:41 UTC",7886173,182.550300925926,1,3,4,4
"orthomind/dcrdata",0,0,0,0,0,0,0,0,0,0,6,"2018-05-17 07:05:01 UTC","2018-06-06 03:51:03 UTC",1716362,39.7306018518519,1,11,89,30
"orthomind/dcrdocs",0,0,0,0,0,0,0,0,0,0,1,"2018-04-25 06:39:03 UTC","2018-04-25 06:39:03 UTC",0,0,0,1,30,48
"rrecuero/politeia",0,0,0,0,0,0,0,0,0,0,1,"2018-07-02 00:31:49 UTC","2018-07-02 00:32:32 UTC",43,0.00099537037037037,1,4,18,6
"s-ben/politeiagui",0,0,0,0,0,0,0,0,0,0,3,"2018-09-19 18:29:47 UTC","2018-09-23 18:06:56 UTC",344229,7.96826388888889,2,6,70,89
"thinkhero/dcrdocs",0,0,0,0,0,0,0,0,0,0,13,"2018-07-15 12:08:25 UTC","2018-07-16 08:32:06 UTC",73421,1.69956018518519,NA,NA,NA,NA
"tpkeeper/politeia",0,0,0,0,0,0,0,0,0,0,1,"2018-12-18 08:11:01 UTC","2018-12-18 08:13:46 UTC",165,0.00381944444444444,1,2,2,0
"EvertonMelo/authit",0,0,0,0,0,0,0,0,0,0,1,"2019-01-01 02:56:04 UTC","2019-01-01 02:56:04 UTC",0,0,0,1,3,3
"degeri/politeiagui",0,0,0,0,0,0,0,0,0,0,4,"2018-08-21 13:08:03 UTC","2018-09-22 16:34:58 UTC",2777215,64.2873842592593,2,6,7,2
"fridaynext/dcrdata",0,0,0,0,0,0,0,0,0,0,8,"2018-08-07 19:09:56 UTC","2018-09-13 18:30:44 UTC",3194448,73.9455555555556,NA,NA,NA,NA
"gallexis/dcrwallet",0,0,0,0,0,0,0,0,0,0,1,"2018-10-23 18:14:53 UTC","2018-10-23 18:20:17 UTC",324,0.0075,1,2,4,2
"ggoranov/dcrwallet",0,0,0,0,0,0,0,0,0,0,1,"2018-10-17 19:11:56 UTC","2018-11-15 18:08:58 UTC",2505422,57.9958796296296,0,5,117,5
"idris92/dcrandroid",0,0,0,0,0,0,0,0,0,0,2,"2018-03-27 00:08:21 UTC","2018-03-27 00:11:55 UTC",214,0.0049537037037037,0,4,12,0
"lukebp/politeiagui",0,0,0,0,0,0,0,0,0,0,2,"2018-11-19 19:32:51 UTC","2018-11-19 19:39:37 UTC",406,0.00939814814814815,1,2,9,3
"meen080560/dcrdocs",0,0,0,0,0,0,0,0,0,0,3,"2018-05-16 16:36:01 UTC","2018-05-16 16:38:10 UTC",129,0.00298611111111111,NA,NA,NA,NA
"noahpierau/dcrdocs",2,0,0,2,0,0,78,2868,2868,0,8,"2018-05-24 23:47:28 UTC","2018-09-20 09:51:30 UTC",10231442,236.838935185185,2,15,28,22
"picfight/dcrwallet",1,0,0,1,0,0,4,22,36,0,4,"2018-09-05 09:33:36 UTC","2018-09-24 19:03:39 UTC",1675803,38.7917361111111,NA,NA,NA,NA
"rocknet/decrediton",0,0,0,0,0,0,0,0,0,0,2,"2018-11-11 17:01:54 UTC","2018-11-17 16:11:08 UTC",515354,11.9294907407407,1,1,6,4
"saward/politeiagui",0,0,0,0,0,0,0,0,0,0,1,"2018-04-23 06:35:54 UTC","2018-04-23 06:35:54 UTC",0,0,NA,NA,NA,NA
"shweini/decrediton",0,0,0,0,0,0,0,0,0,0,12,"2018-07-24 08:41:40 UTC","2018-08-23 20:33:41 UTC",2634721,60.988912037037,3,16,391,84
"ttneverdies/dcrweb",0,0,0,0,0,0,0,0,0,0,1,"2018-09-01 10:04:26 UTC","2018-09-01 10:04:26 UTC",0,0,1,2,12,12
"vkbcel/insight-api",0,0,0,0,0,0,0,0,0,0,2,"2018-08-23 04:02:59 UTC","2018-08-23 04:08:16 UTC",317,0.00733796296296296,NA,NA,NA,NA
"yumi1117/dcrwebapi",0,0,1,0,1,0,2,12,0,0,4,"2018-08-09 15:05:42 UTC","2018-08-09 16:08:37 UTC",3775,0.0873842592592593,0,11,48,0
"zubairzia0/dcrdocs",0,0,0,0,0,0,0,0,0,0,25,"2018-09-07 00:35:46 UTC","2018-12-20 08:58:53 UTC",9019387,208.782106481481,5,81,61,29
"Ejovwoke/decrediton",0,0,0,0,0,0,0,0,0,0,4,"2018-08-14 14:35:07 UTC","2018-08-18 11:57:36 UTC",336149,7.78122685185185,0,10,48,425
"EvertonMelo/dcrdata",0,0,0,0,0,0,0,0,0,0,1,"2019-01-01 02:56:01 UTC","2019-01-01 02:56:01 UTC",0,0,0,1,2,2
"Guang168/decrediton",0,0,0,0,0,0,0,0,0,0,1,"2018-12-13 14:14:49 UTC","2019-01-02 15:22:26 UTC",1732057,40.093912037037,2,5,236,4
"Jvwalsh/politeiagui",0,0,0,0,0,0,0,0,0,0,1,"2018-04-25 22:41:40 UTC","2018-05-23 16:58:02 UTC",2398582,55.5227314814815,NA,NA,NA,NA
"chrisdannen/dcrdocs",0,0,0,0,0,0,0,0,0,0,2,"2018-05-18 21:08:06 UTC","2018-05-21 15:53:38 UTC",240332,5.56324074074074,1,3,5,0
"cymurs/dcrstakepool",0,0,0,0,0,0,0,0,0,0,3,"2018-06-04 07:14:39 UTC","2018-06-04 09:21:25 UTC",7606,0.176064814814815,NA,NA,NA,NA
"feeleep75/dcrwebapi",0,0,0,0,0,0,0,0,0,0,4,"2018-10-19 16:21:22 UTC","2018-10-22 20:34:27 UTC",274385,6.35150462962963,1,5,12,0
"githubsands/dcrdata",0,0,0,0,0,0,0,0,0,0,13,"2018-04-01 22:24:50 UTC","2018-04-14 21:57:47 UTC",1121577,25.9624305555556,0,7,183,4
"gozart1/politeiagui",0,0,0,0,0,0,0,0,0,0,1,"2018-10-31 03:41:49 UTC","2018-10-31 03:41:49 UTC",0,0,1,2,2,2
"hudovisk/decrediton",0,0,0,0,0,0,0,0,0,0,1,"2018-02-11 17:21:02 UTC","2018-02-11 17:21:02 UTC",0,0,1,2,0,54
"jrick/decred-seeder",0,0,0,0,0,0,0,0,0,0,2,"2018-03-02 17:17:48 UTC","2018-03-06 17:17:49 UTC",345601,8.00002314814815,1,38,244,124
"lsgrep/dcrstakepool",0,0,0,0,0,0,0,0,0,0,3,"2018-11-20 03:48:07 UTC","2018-12-03 04:15:44 UTC",1124857,26.0383564814815,NA,NA,NA,NA
"orthomind/dcrdocker",0,0,2,0,2,0,4,128,8,0,5,"2018-05-22 13:56:54 UTC","2018-05-23 13:35:09 UTC",85095,1.96979166666667,0,8,20,12
"romanornr/dcrseeder",0,0,0,0,0,0,0,0,0,0,1,"2018-05-30 08:34:18 UTC","2018-05-30 08:34:18 UTC",0,0,NA,NA,NA,NA
"saymissme/dcrwebapi",0,0,0,0,0,0,0,0,0,0,1,"2018-02-10 02:58:35 UTC","2018-02-10 02:58:35 UTC",0,0,1,2,10,0
"zhizhongzhiwai/dcrd",0,0,0,0,0,0,0,0,0,0,9,"2018-11-05 07:09:18 UTC","2018-11-07 09:34:26 UTC",181508,4.20157407407407,0,3,3,3
"BernieWalton/bitcore",0,0,0,0,0,0,0,0,0,0,8,"2018-08-27 07:54:15 UTC","2018-08-29 09:53:15 UTC",179940,4.16527777777778,NA,NA,NA,NA
"EvertonMelo/politeia",0,0,0,0,0,0,0,0,0,0,3,"2018-05-08 13:31:06 UTC","2019-01-01 02:55:59 UTC",20528693,475.201226851852,2,6,10,10
"PrimeDominus/dcrdocs",0,0,0,0,0,0,0,0,0,0,3,"2018-09-13 09:33:51 UTC","2018-09-23 06:33:12 UTC",853161,19.7490972222222,2,8,8,4
"RichardRed0x/dcrdocs",0,0,1,0,1,0,56,2172,2682,0,33,"2018-05-26 00:02:58 UTC","2018-11-22 21:19:36 UTC",15632198,361.856435185185,8,61,767,388
"deannolan/atomicswap",0,0,0,0,0,0,0,0,0,0,1,"2018-06-29 14:13:36 UTC","2018-06-29 14:13:36 UTC",0,0,1,2,4,4
"macsleven/dcrandroid",0,0,0,0,0,0,0,0,0,0,46,"2018-02-27 01:12:20 UTC","2018-09-29 21:53:47 UTC",18560487,429.640902777778,15,120,2856,1322
"marco-jardim/bitcore",0,0,0,0,0,0,0,0,0,0,3,"2018-09-29 13:44:23 UTC","2018-09-29 14:11:42 UTC",1639,0.0379398148148148,NA,NA,NA,NA
"okblockchainlab/dcrd",0,0,0,0,0,0,0,0,0,0,5,"2018-08-21 07:53:42 UTC","2018-08-21 08:47:59 UTC",3257,0.0753935185185185,NA,NA,NA,NA
"rrecuero/politeiagui",0,0,0,0,0,0,0,0,0,0,39,"2018-06-30 20:58:24 UTC","2018-07-31 03:54:54 UTC",2616990,60.5784722222222,8,67,1012,451
"the-wunmi/dcrandroid",0,0,0,0,0,0,0,0,0,0,26,"2018-10-14 08:08:06 UTC","2018-12-30 03:18:23 UTC",6639017,153.680949074074,10,32,2982,1139
"RichardRed0x/politeia",0,0,0,0,0,0,0,0,0,0,2,"2018-08-30 22:04:45 UTC","2018-08-30 22:33:33 UTC",1728,0.04,1,3,110,36
"SeaLightHouse/dcrdata",0,0,2,0,2,0,4,58,0,0,31,"2018-06-14 13:44:17 UTC","2018-10-31 12:20:41 UTC",12008184,277.967222222222,4,65,4432,1405
"codemaestro64/dcrdata",0,0,0,0,0,0,0,0,0,0,14,"2018-08-11 20:35:09 UTC","2018-09-01 10:27:06 UTC",1777917,41.1554861111111,3,12,330,107
"degeri/decred-php-api",0,0,0,0,0,0,0,0,0,0,1,"2018-07-31 05:40:47 UTC","2018-07-31 05:40:47 UTC",0,0,0,1,1,1
"derekdkim/politeiagui",0,0,0,0,0,0,0,0,0,0,1,"2018-10-01 21:56:24 UTC","2018-10-01 21:56:24 UTC",0,0,0,1,0,1
"githubsands/dcrwallet",1,0,6,1,6,0,52,3988,2296,0,180,"2018-02-07 19:34:25 UTC","2018-11-17 19:18:22 UTC",24450237,565.977708333333,5,112,1891,177
"jholdstock/decrediton",0,0,0,0,0,0,0,0,0,0,3,"2018-06-14 18:16:48 UTC","2018-12-19 11:42:31 UTC",16223143,375.535717592593,2,6,34,33
"justinsantoro/dcrdocs",0,0,1,0,0,0,6,142,84,0,4,"2018-05-26 14:09:53 UTC","2018-11-02 00:48:15 UTC",13779502,318.969953703704,NA,NA,NA,NA
"orthomind/politeiagui",0,0,0,0,0,0,0,0,0,0,1,"2018-04-23 06:38:09 UTC","2018-04-23 06:38:09 UTC",0,0,1,2,0,2
"oxfn/bitcore-mnemonic",0,0,0,0,0,0,0,0,0,0,2,"2018-05-24 11:11:02 UTC","2018-05-24 11:52:35 UTC",2493,0.0577083333333333,NA,NA,NA,NA
"yanllearnn/atomicswap",0,0,0,0,0,0,0,0,0,0,2,"2018-08-07 10:58:28 UTC","2018-08-09 08:48:05 UTC",164977,3.81891203703704,NA,NA,NA,NA
"Decred-Bitcore/bitcore",0,0,0,0,0,0,0,0,0,0,1,"2019-01-05 00:39:40 UTC","2019-01-05 00:39:40 UTC",0,0,NA,NA,NA,NA
"EvertonMelo/dcrandroid",0,0,0,0,0,0,0,0,0,0,2,"2018-05-08 13:55:43 UTC","2018-07-25 22:21:47 UTC",6769564,156.70287037037,1,4,4,32
"EvertonMelo/decrediton",0,0,0,0,0,0,0,0,0,0,2,"2018-05-08 13:45:29 UTC","2019-01-01 02:55:57 UTC",20527828,475.181203703704,1,4,4,4
"ValexCrypto/atomicswap",1,0,0,1,0,0,4,2968,60,0,2,"2018-05-14 17:14:07 UTC","2018-06-17 02:18:23 UTC",2883856,66.7559259259259,NA,NA,NA,NA
"camus-code/politeiagui",0,0,0,0,0,0,0,0,0,0,75,"2018-09-05 19:01:44 UTC","2019-01-04 18:45:50 UTC",10457046,242.06125,23,70,5138,2940
"dajohi/snew-classic-ui",0,0,0,0,0,0,0,0,0,0,2,"2018-09-22 13:41:20 UTC","2018-12-18 19:18:03 UTC",7540603,174.55099537037,3,6,2207,699
"itswisdomagain/dcrdata",0,0,0,0,0,0,0,0,0,0,23,"2018-09-14 18:47:32 UTC","2018-11-10 06:51:46 UTC",4885454,113.089212962963,2,21,3245,1412
"luoshang722/atomicswap",0,0,0,0,0,0,0,0,0,0,3,"2018-12-04 08:47:32 UTC","2018-12-06 02:29:43 UTC",150131,3.47525462962963,NA,NA,NA,NA
"mobiwolfdev/dcrandroid",0,0,0,0,0,0,0,0,0,0,2,"2018-09-12 08:56:58 UTC","2018-09-12 12:31:32 UTC",12874,0.298009259259259,0,2,306,272
"swap-atomic/atomicswap",0,0,0,0,0,0,0,0,0,0,1,"2018-06-20 19:39:20 UTC","2018-06-20 19:39:20 UTC",0,0,NA,NA,NA,NA
"tnguyen303/politeiagui",0,0,0,0,0,0,0,0,0,0,2,"2018-11-01 04:36:02 UTC","2018-11-08 04:02:33 UTC",602791,13.9534953703704,1,6,30470,10
"JohnOlushola/decrediton",0,0,0,0,0,0,1,1,1,0,1,"2018-08-28 22:37:05 UTC","2018-08-29 06:57:19 UTC",30014,0.694768518518519,1,2,2,2
"X9Developers/atomicswap",0,0,1,0,1,0,4,20,0,0,6,"2018-06-19 14:03:16 UTC","2018-07-16 20:44:07 UTC",2356851,54.5567361111111,NA,NA,NA,NA
"herainyday/dcrstakepool",0,0,0,0,0,0,0,0,0,0,1,"2019-01-03 09:36:30 UTC","2019-01-03 09:36:30 UTC",0,0,NA,NA,NA,NA
"marcopeereboom/politeia",0,0,0,0,0,0,0,0,0,0,4,"2018-10-25 19:09:17 UTC","2018-12-07 16:59:32 UTC",3711015,85.903125,1,3,38,13
"BernieWalton/insight-api",0,0,0,0,0,0,0,0,0,0,5,"2018-08-24 05:17:54 UTC","2018-08-28 06:47:02 UTC",350948,8.1237962962963,NA,NA,NA,NA
"RichardRed0x/politeiagui",0,0,0,0,0,0,0,0,0,0,5,"2018-08-30 22:47:19 UTC","2018-11-01 00:15:55 UTC",5365716,124.206388888889,3,9,390,98
"brunobraga95/politeiagui",0,0,0,0,0,0,0,0,0,0,22,"2018-02-01 01:26:14 UTC","2018-12-10 10:36:19 UTC",26989805,624.76400462963,1,7,958,385
"devwarrior777/atomicswap",0,0,0,0,0,0,0,0,0,0,1,"2018-03-15 09:40:30 UTC","2018-03-20 11:30:11 UTC",438581,10.152337962963,2,4,2498,14
"freethinkingaway/dcrdata",0,0,0,0,0,0,0,0,0,0,26,"2018-05-25 21:55:54 UTC","2018-07-03 05:31:52 UTC",3310558,76.633287037037,0,46,15378,118
"horus20/bitcore-mnemonic",0,0,0,0,0,0,0,0,0,0,1,"2018-08-31 11:38:27 UTC","2018-08-31 11:38:27 UTC",0,0,NA,NA,NA,NA
"igniteeng000/politeiagui",0,0,0,0,0,0,0,0,0,0,2,"2018-02-09 06:41:23 UTC","2018-02-09 07:09:37 UTC",1694,0.039212962962963,1,3,5,5
"markusrichter/dcraddrgen",0,0,0,0,0,0,0,0,0,0,4,"2018-06-13 12:57:46 UTC","2018-06-15 22:47:24 UTC",208178,4.81893518518519,2,5,122,70
"sndurkin/contractor-mgmt",0,0,0,0,0,0,0,0,0,0,7,"2018-08-07 14:17:52 UTC","2018-12-01 04:54:32 UTC",9992200,231.300925925926,NA,NA,NA,NA
"tiagoalvesdulce/politeia",0,0,0,0,0,0,0,0,0,0,20,"2018-06-14 17:54:29 UTC","2018-11-13 17:47:53 UTC",13136004,304.074166666667,9,16,715,180
"JimberSoftware/atomicswap",0,0,0,0,0,0,0,0,0,0,7,"2018-05-03 08:35:43 UTC","2018-07-17 14:36:01 UTC",6501618,150.500416666667,NA,NA,NA,NA
"hermanlim/decred-binaries",0,0,0,0,0,0,0,0,0,0,1,"2018-11-02 01:47:57 UTC","2018-11-02 01:47:57 UTC",0,0,1,2,52,52
"leon-do/crypto-browserify",0,0,0,0,0,0,0,0,0,0,1,"2019-01-03 01:09:36 UTC","2019-01-03 01:13:08 UTC",212,0.00490740740740741,0,2,2,2
"notabugio/snew-classic-ui",0,1,0,0,0,0,4,117,72,0,13,"2018-05-14 01:51:30 UTC","2018-09-03 21:35:40 UTC",9747850,225.644675925926,0,1,707,640
"orthomind/contractor-mgmt",0,0,0,0,0,0,0,0,0,0,1,"2019-01-05 13:46:33 UTC","2019-01-05 13:46:33 UTC",0,0,0,1,237,350
"orthomind/decred-binaries",1,0,0,1,0,0,10,1568,2,0,12,"2018-05-12 05:39:20 UTC","2018-12-02 13:40:26 UTC",17658066,408.751527777778,0,9,108,5
"qtumatomicswap/atomicswap",0,0,0,0,0,0,0,0,0,0,1,"2018-12-11 07:06:09 UTC","2018-12-11 07:06:09 UTC",0,0,0,3,1250,1
"victorgcramos/politeiagui",0,0,0,0,0,0,0,0,0,0,25,"2018-09-12 18:14:22 UTC","2018-12-10 21:10:35 UTC",7703773,178.328078703704,13,108,681,303
"wallclockbuilder/politeia",0,0,0,0,0,0,0,0,0,0,15,"2018-10-01 21:06:10 UTC","2018-10-17 22:11:00 UTC",1386290,32.0900462962963,1,2,85,0
"ejovwokeononunu/decrediton",0,0,0,0,0,0,0,0,0,0,6,"2018-08-18 23:08:01 UTC","2018-08-24 00:59:52 UTC",438711,10.1553472222222,0,5,10,14
"qukuailianyonghu/dcrwebapi",0,0,0,0,0,0,0,0,0,0,3,"2018-05-22 16:18:57 UTC","2018-05-22 17:00:03 UTC",2466,0.0570833333333333,1,6,24,0
"R3VoLuT1OneR/decred-php-api",0,0,0,0,0,0,0,0,0,0,13,"2018-03-09 16:27:46 UTC","2018-03-16 00:40:14 UTC",547948,12.6839814814815,3,7,8690,13
"zhizhongzhiwai/dcrstakepool",0,0,0,0,0,0,0,0,0,0,2,"2018-03-19 03:29:07 UTC","2018-03-19 03:39:45 UTC",638,0.0147685185185185,1,4,8,4
"SergeyMikhlevskiy/dcrandroid",0,0,0,0,0,0,0,0,0,0,83,"2018-09-13 13:36:47 UTC","2018-12-22 10:47:12 UTC",8633425,199.847800925926,9,79,9565,5858
"brunobraga95/snew-classic-ui",0,0,0,0,0,0,0,0,0,0,4,"2018-11-04 18:35:57 UTC","2018-11-05 23:03:19 UTC",102442,2.37134259259259,1,4,86,17
"cruftyoldsysadmin/dcraddrgen",0,0,0,0,0,0,0,0,0,0,9,"2018-04-07 14:58:01 UTC","2018-05-12 08:03:08 UTC",2999107,69.4237731481481,NA,NA,NA,NA
"dajohi/decred-magento-plugin",0,0,0,0,0,0,0,0,0,0,2,"2018-03-13 15:32:52 UTC","2018-03-13 17:40:22 UTC",7650,0.177083333333333,2,4,21,2
"BernieWalton/bitcore-mnemonic",0,0,0,0,0,0,0,0,0,0,1,"2018-08-30 07:00:33 UTC","2018-08-30 07:00:33 UTC",0,0,NA,NA,NA,NA
"victorgcramos/snew-classic-ui",0,0,0,0,0,0,0,0,0,0,3,"2018-10-24 19:04:39 UTC","2018-11-22 19:44:04 UTC",2511565,58.1380787037037,1,7,424,377
"RostyslavAntonyshyn/atomicswap",0,0,0,0,0,0,0,0,0,0,2,"2018-10-26 14:13:57 UTC","2018-10-26 14:18:18 UTC",261,0.00604166666666667,0,2,1246,1
"adigunhammedolalekan/decrediton",0,0,0,0,0,0,0,0,0,0,1,"2018-06-02 04:00:54 UTC","2018-12-24 07:34:09 UTC",17728395,410.379513888889,0,2,2,2
"tiagoalvesdulce/snew-classic-ui",0,0,0,0,0,0,0,0,0,0,9,"2018-03-29 13:56:33 UTC","2018-11-13 15:45:53 UTC",19795760,458.235185185185,13,31,2521,2350
"fernandoabolafio/snew-classic-ui",0,0,0,0,0,0,0,0,0,0,1,"2018-07-14 17:19:12 UTC","2018-07-30 18:47:40 UTC",1387708,32.1228703703704,2,5,67,50
"BernieWalton/bitcore-wallet-client",0,0,0,0,0,0,0,0,0,0,2,"2018-08-30 07:08:41 UTC","2018-08-30 07:45:39 UTC",2218,0.0513425925925926,NA,NA,NA,NA
"BernieWalton/bitcore-wallet-service",0,0,0,0,0,0,0,0,0,0,5,"2018-08-28 09:47:08 UTC","2018-08-29 05:12:37 UTC",69929,1.61872685185185,NA,NA,NA,NA
"ycjmail/dcrd",0,0,0,0,0,0,0,0,0,0,0,"2018-08-15 13:03:33 UTC","2018-08-15 13:03:33 UTC",0,0,NA,NA,NA,NA
"liliango/dcrd",0,0,0,0,0,0,0,0,0,0,0,"2018-12-20 16:07:44 UTC","2018-12-20 16:07:59 UTC",15,0.000347222222222222,NA,NA,NA,NA
"quiz42/gominer",0,0,0,0,0,0,0,0,0,0,0,"2018-03-14 14:37:17 UTC","2018-03-14 14:37:17 UTC",0,0,NA,NA,NA,NA
"influx6/dcrdata",0,0,0,0,0,0,0,0,0,0,0,"2018-03-19 14:16:27 UTC","2018-05-07 17:12:15 UTC",4240548,98.1608333333333,NA,NA,NA,NA
"zubairzia0/dcrd",0,0,0,0,0,0,0,0,0,0,0,"2018-10-22 18:20:44 UTC","2018-10-22 18:20:44 UTC",0,0,NA,NA,NA,NA
"atomicpay/atomicswap",0,0,0,0,0,0,0,0,0,0,0,"2018-12-18 23:11:14 UTC","2018-12-18 23:11:14 UTC",0,0,NA,NA,NA,NA
"levinobre/atomicswap",0,0,0,0,0,0,0,0,0,0,0,"2018-05-04 20:42:42 UTC","2018-05-04 20:42:42 UTC",0,0,NA,NA,NA,NA
"moshababo/atomicswap",0,0,0,0,0,0,0,0,0,0,0,"2018-10-07 09:30:38 UTC","2018-10-07 09:30:38 UTC",0,0,NA,NA,NA,NA
"sighttviewliu/dcrwallet",0,0,0,0,0,0,0,0,0,0,0,"2018-12-05 12:49:18 UTC","2018-12-05 12:49:18 UTC",0,0,NA,NA,NA,NA
"customizations/atomicswap",0,0,0,0,0,0,0,0,0,0,0,"2018-09-26 13:51:17 UTC","2018-09-26 13:51:17 UTC",0,0,NA,NA,NA,NA
"adigunhammedolalekan/dcrandroid",0,0,0,0,0,0,0,0,0,0,0,"2018-12-24 07:34:07 UTC","2018-12-24 07:34:07 UTC",0,0,NA,NA,NA,NA
"zsli/dcrd",0,0,0,0,0,0,0,0,0,0,0,"2018-02-02 07:00:25 UTC","2018-02-02 07:00:58 UTC",33,0.000763888888888889,NA,NA,NA,NA
"harzo/dcrd",0,0,0,0,0,0,0,0,0,0,0,"2018-07-11 10:46:54 UTC","2018-07-11 10:46:54 UTC",0,0,0,1,1,1
"iblockin/dcrd",0,0,0,0,0,0,0,0,0,0,0,"2018-05-09 07:17:54 UTC","2018-09-29 11:15:44 UTC",12369470,286.330324074074,NA,NA,NA,NA
"pcx/dcrwallet",0,0,0,0,0,0,0,0,0,0,0,"2018-06-26 11:43:18 UTC","2018-06-26 11:43:18 UTC",0,0,0,1,52,175
"s-ben/gominer",0,0,0,0,0,0,0,0,0,0,0,"2018-10-29 07:54:01 UTC","2018-10-29 07:54:01 UTC",0,0,0,1,51,7
"EXCCoin/insight",0,0,0,0,0,0,0,0,0,0,0,"2018-06-14 13:57:07 UTC","2018-06-14 14:46:18 UTC",2951,0.0683101851851852,NA,NA,NA,NA
"Lbqds/dcrwallet",0,0,0,0,0,0,0,0,0,0,0,"2018-06-14 09:22:01 UTC","2018-06-14 09:22:01 UTC",0,0,NA,NA,NA,NA
"nwops/dcrdocker",0,0,0,0,0,0,0,0,0,0,0,"2018-08-30 00:58:55 UTC","2018-08-30 00:58:55 UTC",0,0,0,1,4,4
"knightjdr/dcrweb",0,0,0,0,0,0,0,0,0,0,0,"2018-03-29 03:18:01 UTC","2018-03-29 15:22:26 UTC",43465,1.00613425925926,1,2,2,2
"alexbarnsley/dcrd",0,0,0,0,0,0,0,0,0,0,0,"2018-11-02 20:06:23 UTC","2018-11-02 20:06:23 UTC",0,0,NA,NA,NA,NA
"dajohi/dcrandroid",0,0,0,0,0,0,0,0,0,0,0,"2018-03-26 15:41:27 UTC","2018-03-26 15:41:27 UTC",0,0,1,2,118,176
"Lbqds/dcrstakepool",0,0,0,0,0,0,0,0,0,0,0,"2018-06-27 02:58:06 UTC","2018-06-27 02:58:06 UTC",0,0,NA,NA,NA,NA
"EXCCoin/insight-api",0,0,0,0,0,0,0,0,0,0,0,"2018-06-14 14:19:54 UTC","2018-06-14 14:46:28 UTC",1594,0.0368981481481481,NA,NA,NA,NA
"jrick/testnetfaucet",0,0,0,0,0,0,0,0,0,0,0,"2018-05-28 20:02:25 UTC","2018-05-30 15:57:28 UTC",158103,3.65979166666667,1,2,6,6
"adetilong/decrediton",0,0,0,0,0,0,0,0,0,0,0,"2018-08-10 12:11:35 UTC","2018-08-10 12:11:35 UTC",0,0,NA,NA,NA,NA
"dajohi/decred-seeder",0,0,0,0,0,0,0,0,0,0,0,"2018-03-07 18:20:55 UTC","2018-03-07 18:20:55 UTC",0,0,0,1,2,2
"jcvernaleo/dcrseeder",0,0,0,0,0,0,0,0,0,0,0,"2018-06-15 19:02:09 UTC","2018-06-15 19:02:09 UTC",0,0,0,2,38,16
"markusrichter/base58",0,0,0,0,0,0,0,0,0,0,0,"2018-03-02 00:29:42 UTC","2018-03-02 00:29:42 UTC",0,0,1,2,0,34
"dajohi/decred-php-api",0,0,0,0,0,0,0,0,0,0,0,"2018-03-13 16:02:16 UTC","2018-03-13 16:02:16 UTC",0,0,0,1,2,4
"hayek-developer0/dcrd",0,0,0,0,0,0,0,0,0,0,0,"2018-06-19 07:43:49 UTC","2018-06-19 07:43:49 UTC",0,0,NA,NA,NA,NA
"yinyunqiao/decrediton",0,0,0,0,0,0,0,0,0,0,0,"2018-06-07 01:08:02 UTC","2018-06-07 01:08:02 UTC",0,0,0,2,1272,2
"sndurkin/testnetfaucet",0,0,0,0,0,0,0,0,0,0,0,"2018-06-25 15:56:45 UTC","2018-06-26 13:17:08 UTC",76823,1.77831018518519,2,4,104,70
"thi4go/snew-classic-ui",0,0,0,0,0,0,0,0,0,0,0,"2018-12-03 17:22:20 UTC","2018-12-03 17:22:20 UTC",0,0,0,1,0,8
"alexlyp/contractor-mgmt",0,0,0,0,0,0,0,0,0,0,0,"2019-01-02 21:31:40 UTC","2019-01-03 16:46:25 UTC",69285,1.60381944444444,2,4,26,22
"pingwindyktator/gominer",0,0,0,0,0,0,0,0,0,0,0,"2018-08-23 12:58:58 UTC","2018-08-23 12:58:58 UTC",0,0,NA,NA,NA,NA
"EXCCoin/bitcore",0,0,0,0,0,0,0,0,0,0,0,"2018-06-14 14:41:45 UTC","2018-06-14 14:48:04 UTC",379,0.00877314814814815,NA,NA,NA,NA
"red010b37/dcrwallet",0,0,0,0,0,0,0,0,0,0,0,"2018-07-16 09:45:02 UTC","2018-07-16 09:45:02 UTC",0,0,1,2,2,2
"Baeond/dcrd",0,0,0,0,0,0,0,0,0,0,0,"2018-12-10 15:36:32 UTC","2018-12-10 15:36:32 UTC",0,0,NA,NA,NA,NA
"EXCCoin/dcrd",0,0,0,0,0,0,0,0,0,0,0,"2018-04-18 09:16:18 UTC","2018-04-18 09:16:18 UTC",0,0,NA,NA,NA,NA
"yggchain/dcrd",0,0,0,0,0,0,0,0,0,0,0,"2018-07-31 09:07:33 UTC","2018-07-31 09:07:33 UTC",0,0,NA,NA,NA,NA
"EXCCoin/dcrdata",0,0,0,0,0,0,0,0,0,0,0,"2018-06-14 14:59:14 UTC","2018-06-14 14:59:14 UTC",0,0,NA,NA,NA,NA
"EXCCoin/crypto-js",0,0,0,0,0,0,0,0,0,0,0,"2018-06-14 14:43:12 UTC","2018-06-14 14:43:12 UTC",0,0,NA,NA,NA,NA
"EXCCoin/dcrwallet",0,0,0,0,0,0,0,0,0,0,0,"2018-05-09 12:36:01 UTC","2018-05-09 12:36:01 UTC",0,0,NA,NA,NA,NA
"Divicoin/atomicswap",0,0,0,0,0,0,0,0,0,0,0,"2019-01-03 23:18:00 UTC","2019-01-03 23:18:00 UTC",0,0,NA,NA,NA,NA
"EXCCoin/dcrstakepool",0,0,0,0,0,0,0,0,0,0,0,"2018-06-05 09:16:15 UTC","2018-06-05 09:16:15 UTC",0,0,NA,NA,NA,NA
"EXCCoin/decred-php-api",0,0,0,0,0,0,0,0,0,0,0,"2018-06-06 09:21:36 UTC","2018-06-06 09:21:36 UTC",0,0,NA,NA,NA,NA
"hybridnetwork/dcrwebapi",0,0,0,0,0,0,0,0,0,0,0,"2018-02-28 23:20:27 UTC","2018-02-28 23:20:27 UTC",0,0,NA,NA,NA,NA
"hybridnetwork/decrediton",0,0,0,0,0,0,0,0,0,0,0,"2018-02-14 01:42:24 UTC","2018-02-14 01:42:24 UTC",0,0,NA,NA,NA,NA
"pragmaticcoders/decrediton",0,0,0,0,0,0,0,0,0,0,0,"2018-04-18 09:49:42 UTC","2018-04-18 10:33:50 UTC",2648,0.0612962962962963,NA,NA,NA,NA
"libercoinproject/atomicswap",0,0,0,0,0,0,0,0,0,0,0,"2018-08-13 17:10:41 UTC","2018-08-14 07:27:12 UTC",51391,1.18960648148148,NA,NA,NA,NA
